license_numbers,premise_address,_id,name_of_license,business_name
SSE20041N000,"184 EAST COAST ROAD, S(428890)",1,SUN RUI,Ever+
SSW19008P000,"18 SUNGEI KADUT STREET 2 SUNGEI KADUT INDUSTRIAL ESTATE, S(729236)",2,S POWER GLOBAL PTE. LTD.,S Power Supermart
SSW19009N000,"129 TUAS VIEW SQUARE, S(637741)",3,DHAKA SUPERMARKET,DHAKA SUPERMARKET
SSW19022V000,"50 JURONG GATEWAY ROAD JEM, S(608549)",4,PAN PACIFIC RETAIL MANAGEMENT (SINGAPORE) PTE. LTD.,DON DON DONKI
SW04097K000,"159 BUKIT BATOK STREET 11, #01-178, S(650159)",5,PRIME SUPERMARKET LIMITED,Prime supermarket
SW04158X000,"108 DEPOT ROAD, #01-01 DEPOT HEIGHTS SHOPPING CENTRE, S(100108)",6,NTUC FAIRPRICE CO-OPERATIVE LTD,NTUC FAIRPRICE
SW05008N000,"638 JURONG WEST STREET 61, #03-01 PIONEER MALL, S(640638)",7,COLD STORAGE SINGAPORE (1983) PTE LTD,GIANT
SW05051J000,"720 CLEMENTI WEST STREET 2, #01-144, S(120720)",8,SHENG SIONG SUPERMARKET PTE LTD,SHENG SIONG
SW06002X000,"19 TOH GUAN ROAD EAST, #01-65, S(608568)",9,TOH GUAN MINI MART PTE. LTD.,TOH GUAN MINIMART
SW06322N000,"395A BUKIT BATOK WEST AVENUE 5, #03-10 MULTI STOREY CAR PARK, S(651395)",10,OH BENG GUAN,-
SW06590A000,"1 HARBOURFRONT WALK, #01-23 VIVOCITY, S(098585)",11,NTUC FAIRPRICE CO-OPERATIVE LTD,FAIRPRICE XTRA
SW06806E000,"17 LORONG KILAT, #01-02 KILAT COURT, S(598139)",12,LOTTE MART PTE. LTD.,LOTTE KOREAN MART
SW07070J000,"284 BUKIT BATOK EAST AVENUE 3, #01-251, S(650284)",13,COLD STORAGE SINGAPORE (1983) PTE LTD,GIANT
SW07209E000,"7 JURONG WEST AVENUE 5, S(649486)",14,SHENG SIONG SUPERMARKET PTE LTD,SHENG SIONG
SW07331C000,"352 CLEMENTI AVENUE 2, #01-91&99, S(120352)",15,SHENG SIONG SUPERMARKET PTE LTD,SHENG SIONG
SW07481A000,"28 DOVER CRESCENT, #01-83 MULTI STOREY CAR PARK, S(130028)",16,NTUC FAIRPRICE CO-OPERATIVE LTD,NTUC FAIRPRICE
SW07E27X000,"30 PENJURU PLACE, #01-06/07, S(608557)",17,KINGSMART PTE. LTD.,kingsmart
SW08807K000,"154 WEST COAST ROAD #B1-19 WEST COAST PLAZA, S(127371)",18,COLD STORAGE SINGAPORE (1983) PTE LTD,coldstorage
SW08821N000,"140 TECK WHYE LANE, #01-351, S(680140)",19,NTUC FAIRPRICE CO-OPERATIVE LTD,NTUC FAIRPRICE
SW08907C000,"555 UPPER JURONG ROAD, #01-02, S(638368)",20,GOWRI'S GLOBAL MARKETING PTE. LTD.,GOWRI'S GLOBAL MARKETING
SW08A55C000,"51 SOON LEE ROAD, #01-51A, S(628088)",21,CHD @ SOON LEE PTE. LTD.,CHD @ SOON LEE
SW08A59X000,"63 JURONG WEST CENTRAL 3 #03-01 JURONG POINT SHOPPING CENTRE, S(648331)",22,NTUC FAIRPRICE CO-OPERATIVE LTD,NTUC FAIRPRICE
CE08H32N000,"80 LORONG LIMAU, #01-191, S(320080)",174,NTUC FAIRPRICE CO-OPERATIVE LTD,NTUC FAIRPRICE
SW09032C000,"21 CHOA CHU KANG NORTH 6, #B1-01-07 YEW TEE POINT, S(689578)",23,NTUC FAIRPRICE CO-OPERATIVE LTD,NTUC FAIRPRICE
SW09133X000,"503 JURONG WEST AVENUE 1, #01-847, S(640503)",24,LOCH GROCER PTE. LTD.,LOCH GROCER
SW09285K000,"61 CHOA CHU KANG DRIVE, #01-01 YEW TEE MRT STATION, S(689715)",25,NTUC FAIRPRICE CO-OPERATIVE LTD,FAIRPRICE FINEST
B02008E000,"845 YISHUN STREET 81, #01-184, S(760845)",26,SHENG SIONG SUPERMARKET PTE LTD,SHENG SIONG
B02011P000,"524A JELAPANG ROAD, #03-13/18 GREENRIDGE SHOPPING CENTRE, S(671524)",27,COLD STORAGE SINGAPORE (1983) PTE LTD,GIANT
B02012N000,"768 WOODLANDS AVENUE 6, #01-34 WOODLANDS MART, S(730768)",28,COLD STORAGE SINGAPORE (1983) PTE LTD,COLD STORAGE
B02015J000,"122 ANG MO KIO AVENUE 3, #01-1753, S(560122)",29,SHENG SIONG SUPERMARKET PTE LTD,SHENG SIONG
SW09288C000,"14 TECH PARK CRESCENT, #01-02, S(638118)",30,SADIA SUPERMARKET & TRADING (S) PTE. LTD.,SADIA SUPERMARKET & TRADING 
B02017C000,"301 WOODLANDS STREET 31, #01-217, S(730301)",31,SHENG SIONG SUPERMARKET PTE LTD,SHENG SIONG
SW09426V000,"2D JALAN PAPAN, #01-04, S(619415)",32,PHANG NEE ENTERPRISE PTE. LTD.,phang nee
B02020N000,"1 JELEBU ROAD, #01-15 BUKIT PANJANG PLAZA, S(677743)",33,NTUC FAIRPRICE CO-OPERATIVE LTD,NTUC FAIRPRICE
SW09752V000,"5 TECH PARK CRESCENT, #01-02, S(638127)",34,LAMIAH ENTERPRISE PTE. LTD.,-
B02021L000,"30 SEMBAWANG DRIVE, #B1-01-03 SUN PLAZA, S(757713)",35,NTUC FAIRPRICE CO-OPERATIVE LTD,NTUC FAIRPRICE
SW10780J000,"32 TUAS VIEW SQUARE, #01-02, S(637778)",36,SHARBESUWARY PTE. LTD.,SHARBESUWARY EXPRESS MART
B02022K000,"71 WOODLANDS AVENUE 3, #01-01 MARSILING MRT STATION, S(739044)",37,NTUC FAIRPRICE CO-OPERATIVE LTD,NTUC FAIRPRICE
SW10A16E000,"3155 COMMONWEALTH AVENUE WEST #B1-12/13/14 THE CLEMENTI MALL, S(129588)",38,NTUC FAIRPRICE CO-OPERATIVE LTD,FAIRPRICE FINEST
B02024E000,"888 WOODLANDS DRIVE 50, #01-757 888 PLAZA, S(730888)",39,NTUC FAIRPRICE CO-OPERATIVE LTD,NTUC FAIRPRICE
SW11146X000,"15 JALAN TEPONG, #03-02 (PART OF - LEFT SUB-UNIT), JURONG FOOD HUB, S(619336)",40,YS LOGISTICS (S) PTE. LTD.,YS LOGISTICS (S) 
B02025C000,"414 YISHUN RING ROAD, #01-1853, S(760414)",41,NTUC FAIRPRICE CO-OPERATIVE LTD,NTUC FAIRPRICE
SW11423N000,"18 TECK WHYE LANE, #01-95, S(680018)",42,SHENG SIONG SUPERMARKET PTE LTD,SHENG SIONG
B02026B000,"445 FAJAR ROAD, #01-536, S(670445)",43,COLD STORAGE SINGAPORE (1983) PTE LTD,COLD STORAGE
SW16735N000,"1 JALAN PAPAN, #01-31, S(619392)",622,GURU'S MARKETING PTE. LTD.,-
SW11452C000,"78A TELOK BLANGAH STREET 32, #01-01 MULTI STOREY CAR PARK, S(101078)",44,NTUC FAIRPRICE CO-OPERATIVE LTD,NTUC FAIRPRICE
SW11512N000,"23 PENJURU WALK, #03-81 CASSIA@PENJURU, S(608537)",46,KEK HONG HENG,KOLEE SUPERMARKETS
SW11A26P000,"460 ALEXANDRA ROAD #01-09 & #01-16 PSA BLDG, ALEXANDRA RETAIL CENTRE, S(119963)",48,NTUC FAIRPRICE CO-OPERATIVE LTD,NTUC FAIRPRICE
SW12C98J000,"2 JURONG EAST CENTRAL 1 JCUBE, S(609731)",50,PAN PACIFIC RETAIL MANAGEMENT (SINGAPORE) PTE. LTD.,DON DON DONKI
SW12F58E000,"352 CLEMENTI AVENUE 2, #01-141 CLEMENTI AVENUE 2 SHOPPING CENTRE, S(120352)",52,NTUC FAIRPRICE CO-OPERATIVE LTD,NTUC FAIRPRICE
SW12G70J000,"101 CLEMENTI ROAD, #01-01 KENT VALE ESTATE, NUS, S(129787)",54,COLD STORAGE SINGAPORE (1983) PTE LTD,COLD STORAGE
SW12G71E000,"1 COVE AVENUE #02-07/08/09/10 SENTOSA COVE ARRIVAL PLAZA, S(098537)",56,COLD STORAGE SINGAPORE (1983) PTE LTD,COLD STORAGE
SW12H20A000,"498 JURONG WEST STREET 41 #01-434/436/438, S(640498)",58,NTUC FAIRPRICE CO-OPERATIVE LTD,NTUC FAIRPRICE
SW12J94X000,"1 VISTA EXCHANGE GREEN, #B1-28 THE STAR VISTA, S(138617)",60,TANESEI TRADING PTE. LTD.,J MART
SW12J97L000,"1 VISTA EXCHANGE GREEN #B1-35/36 AND 02 THE STAR VISTA, S(138617)",62,COLD STORAGE SINGAPORE (1983) PTE LTD,COLD STORAGE
SW12L48X000,"12 KRANJI ROAD 1ST STOREY, LODGE 1 WORKERS' DORMITORY, S(739522)",64,AJMAL TRADE MART PTE. LTD.,AJMAL TRADE MART
SW12M64L000,"25 GHIM MOH LINK, #01-11, S(270025)",66,SHENG SIONG SUPERMARKET PTE LTD,SHENG SIONG
SW12M67E000,"420A CLEMENTI AVENUE 1, #01-01, S(121420)",68,SHENG SIONG SUPERMARKET PTE LTD,SHENG SIONG
SW12N25V000,"31 OCEAN WAY, #01-26/27 QUAYSIDE ISLE, SENTOSA, S(098375)",70,COLD STORAGE SINGAPORE (1983) PTE LTD,COLD STORAGE
SW12O05A000,"502 WEST COAST DRIVE, #01-41, S(120502)",72,NTUC FAIRPRICE CO-OPERATIVE LTD,NTUC FAIRPRICE
SW13245V000,"1 LOWER KENT RIDGE ROAD, #02-16 ONE@KENTRIDGE, S(119082)",73,NTUC FAIRPRICE CO-OPERATIVE LTD,NTUC FAIRPRICE
SW13368A000,"154 WEST COAST ROAD, #B1-14 WEST COAST PLAZA, S(127371)",74,L M MEAT PTE. LTD.,Mmmm ! WEST COAST PLAZA
SW13Q24X000,"280 BUKIT BATOK EAST AVENUE 3, #01-315, S(650280)",75,NTUC FAIRPRICE CO-OPERATIVE LTD,NTUC FAIRPRICE
SW13T12J000,"50 JURONG GATEWAY ROAD, #B1-21/22 JEM, S(608549)",76,NTUC FAIRPRICE CO-OPERATIVE LTD,FAIRPRICE XTRA
SW13W88P000,"3 GATEWAY DRIVE, #B2-01 WESTGATE, S(608532)",77,ISETAN (SINGAPORE) LIMITED,ISETAN SUPERMARKET
NW18021V000,"105 CANBERRA STREET, #02-05, S(750105)",419,SHENG SIONG SUPERMARKET PTE LTD,SHENG SIONG
B02032E000,"161 ANG MO KIO AVENUE 4, #01-504, S(560161)",45,COLD STORAGE SINGAPORE (1983) PTE LTD,GIANT
B02034B000,"30 WOODLANDS AVENUE 1 WOODGROVE, S(739065)",47,NTUC FAIRPRICE CO-OPERATIVE LTD,NTUC FAIRPRICE
B02035A000,"548 WOODLANDS DRIVE 44, #01-37/38 VISTA POINT, S(730548)",49,COLD STORAGE SINGAPORE (1983) PTE LTD,GIANT
B02037X000,"883 WOODLANDS STREET 82, #01-498 WOODLANDS NORTH PLAZA, S(730883)",51,COLD STORAGE SINGAPORE (1983) PTE LTD,GIANT
B02038P000,"925 YISHUN CENTRAL 1, #01-211, S(760925)",53,SHENG SIONG SUPERMARKET PTE LTD,SHENG SIONG
B02039N000,"293 YISHUN STREET 22, #01-261, S(760293)",55,COLD STORAGE SINGAPORE (1983) PTE LTD,COLD STORAGE
B02041C000,"327 YISHUN RING ROAD, #01-1320, S(760327)",57,TAN KWEE ENG,hwa soon heng mini supermarket
B02060V000,"256 BANGKIT ROAD, #01-69, S(670256)",59,COLD STORAGE SINGAPORE (1983) PTE LTD,COLD STORAGE
B02093B000,"301 YISHUN AVENUE 2, #01-02 YISHUN MRT STATION, S(769093)",61,NTUC FAIRPRICE CO-OPERATIVE LTD,NTUC FAIRPRICE
B02099L000,"849 YISHUN RING ROAD, #01-3703, S(760849)",63,NTUC FAIRPRICE CO-OPERATIVE LTD,NTUC FAIRPRICE
B03074A000,"44 JALAN MERAH SAGA, #01-50, S(278116)",65,THE BUTCHER (SINGAPORE) PTE. LTD.,The butcher
B03078N000,"34 GREENWOOD AVENUE, S(289236)",67,ROSWELL ENTERPRISE PTE LTD,Fish market
B03099C000,"628 SENJA ROAD, #01-01, S(670628)",69,NTUC FAIRPRICE CO-OPERATIVE LTD,NTUC FAIRPRICE
B85098V000,"239 YISHUN RING ROAD, #01-1150, S(760239)",71,HAO MART PTE. LTD.,HAO MART
B92077A000,"418 YISHUN AVENUE 11, #01-433, S(760418)",101,COLD STORAGE SINGAPORE (1983) PTE LTD,COLD STORAGE
B98014C000,"215 ANG MO KIO AVENUE 1, #01-877, S(560215)",102,NTUC FAIRPRICE CO-OPERATIVE LTD,NTUC FAIRPRICE
B99041L000,"1 ORCHID CLUB ROAD, #01-34 ORCHID COUNTRY CLUB, S(769162)",103,NTUC FAIRPRICE CO-OPERATIVE LTD,NTUC FAIRPRICE
C00033N000,"615 615 Bukit Timah Road, S(269716)",104,MEAT THE BUTCHER PTE. LTD.,Meat The Butcher
C02024A000,"1 FIFTH AVENUE, #01-05 GUTHRIE HOUSE, S(268802)",105,COLD STORAGE SINGAPORE (1983) PTE LTD,COLD STORAGE
C02025V000,"293 HOLLAND ROAD COLD STORAGE JELITA, S(278628)",106,COLD STORAGE SINGAPORE (1983) PTE LTD,COLD STORAGE
C02026X000,"2 JURONG EAST STREET 21, #01-100 IMM BUILDING, S(609601)",107,COLD STORAGE SINGAPORE (1983) PTE LTD,GIANT
C02033V000,"154A BUKIT BATOK WEST AVENUE 8, #01-01, S(651154)",108,SHENG SIONG SUPERMARKET PTE LTD,SHENG SIONG
CE09512V000,"512 BISHAN STREET 13, #01-524, S(570512)",175,COLD STORAGE SINGAPORE (1983) PTE LTD,GIANT
SW14017K000,"18 TOH GUAN ROAD EAST, #02-02 BLK 28, WESTLITE DORMITORY (TOH GUAN), S(608596)",78,SHAFEN SUPERMARKET & TRADING (S) PTE. LTD.,SHAFEN SUPERMARKET & TRADING 
SW14484J000,"48 TOH GUAN ROAD EAST ENTERPRISE HUB, S(608586)",79,SRI MURUGAN TRADING PTE. LTD.,SRI MURUGAN TRADING
SW14542A000,"4 HILLVIEW RISE, #02-07 HILLV2, S(667979)",80,COLD STORAGE SINGAPORE (1983) PTE LTD,HILLVIEW MARKET PLACE
SW14633X000,"2 BUKIT BATOK WEST AVENUE 7, #01-10 HomeTeamNS BUKIT BATOK CLUBHOUSE, S(659003)",81,NTUC FAIRPRICE CO-OPERATIVE LTD,NTUC FAIRPRICE
SW14718K000,"70 TUAS SOUTH AVENUE 1 TUAS VIEW DORMITORY, S(637285)",82,AJMAL SUPER MART PTE. LTD.,AJMAL SUPER MART
SW14817E000,"27 PENJURU WALK, #01-24 PENJURU RECREATION CENTRE, S(608538)",83,SHENG SIONG SUPERMARKET PTE LTD,SHENG SIONG
SW14951X000,"1 JOO KOON CIRCLE, #03-21 FAIRPRICE HUB, S(629117)",84,NTUC FAIRPRICE CO-OPERATIVE LTD,WAREHOUSE CLUB
SW14A33P000,"27 PENJURU WALK, #01-08/09 PENJURU RECREATION CENTRE, S(608538)",85,VINAYAK TRADERS PTE. LTD.,VINAYAK TRADERS
SW14A98C000,"27 PENJURU WALK, #01-15 PENJURU RECREATION CENTRE, S(608538)",86,GURU'S MARKETING PTE. LTD.,Gurus Supermarket
SW14B28C000,"115 TUAS VIEW WALK 1 (PART OF- FRONT), FIRST STOREY, WESTLINK TECHPARK, S(637734)",87,SHINVA AGRO FOODS PTE. LTD.,SHINVA AGRO FOODS
SW15051V000,"27 PENJURU WALK, #01-06/07 PENJURU RECREATION CENTRE, S(608538)",88,ARCHANA PROVISION STORES PTE. LTD.,archana
SW15681P000,"21 TUAS VIEW SQUARE (PART OF), S(637640)",89,NPS IMPEX PTE. LTD.,NSP SUPER MART
SW15796X000,"533 CHOA CHU KANG STREET 51, #01-11 LIMBANG SHOPPING CENTRE (HDB), S(680533)",90,NTUC FAIRPRICE CO-OPERATIVE LTD,NTUC FAIRPRICE
SW15968N000,"37 TEBAN GARDENS ROAD #01-304/305/306, S(600037)",91,NTUC FAIRPRICE CO-OPERATIVE LTD,NTUC FAIRPRICE
SW15D03B000,"50 NANYANG AVENUE NORTH SPINE , NTU, S(639798)",92,PRIME SUPERMARKET (1996) PTE LTD,Prime Supermarket
SW16126J000,"6 TUAS SOUTH STREET 15 CDPL (TUAS) DORMITORY, S(636906)",93,TUAS SOUTH MINIMART PTE. LTD.,TUAS SOUTH MINIMART
SW16224E000,"3 TUAS SOUTH STREET 12, #01-16 TUAS SOUTH DORMITORY, S(636947)",94,NAWAS GLOBAL PTE. LTD.,NAWAS GLOBAL
SW16735N000,"1 JALAN PAPAN, #01-31, S(619392)",95,GURU'S MARKETING PTE. LTD.,-
SW16814X000,"1 JALAN PAPAN, #01-33, S(619392)",96,VINAYAK TRADERS PTE. LTD.,VINAYAK TRADERS
SW16815P000,"500 OLD CHOA CHU KANG ROAD, #01-02, S(698928)",97,PHAN NEE INVESTMENTS (S) PTE. LTD.,-
SW16856V000,"1 JALAN PAPAN, #01-29, S(619392)",98,ARCHANA SUPERMARKET PTE. LTD.,ARCHANA SUPERMARKET
CE15F60K000,"22 DEMPSEY ROAD 1st & 2nd storey, S(249679)",242,HUBER'S PTE. LTD.,HUBER'S
SW16901A000,"12 TUAS SOUTH STREET 13, #01-20/21, S(636937)",99,SADIA SUPERMARKET & TRADING (S) PTE. LTD.,SADIA SUPERMARKET & TRADING 
SW16921N000,"1 JALAN PAPAN, #01-35, S(619392)",100,CHENNAI TRADING & SUPERMART PTE. LTD.,CHENNAI TRADING & SUPERMARKET
C02034X000,"587 BUKIT TIMAH ROAD CORONATION PLAZA, S(269707)",109,NTUC FAIRPRICE CO-OPERATIVE LTD,NTUC FAIRPRICE
C02035P000,"451 CLEMENTI AVENUE 3, #01-307, S(120451)",110,NTUC FAIRPRICE CO-OPERATIVE LTD,NTUC FAIRPRICE
C02036N000,"1 JALAN ANAK BUKIT, #B1-01 BUKIT TIMAH PLAZA, S(588996)",111,NTUC FAIRPRICE CO-OPERATIVE LTD,FINEST
C02037L000,"135 JURONG EAST STREET 13, #01-337, S(600135)",112,NTUC FAIRPRICE CO-OPERATIVE LTD,NTUC FAIRPRICE
C02038K000,"1 JURONG WEST CENTRAL 2, #B1-09 JURONG POINT, S(648886)",113,NTUC FAIRPRICE CO-OPERATIVE LTD,NTUC FAIRPRICE
C02040A000,"63/66 YUNG KUANG ROAD #01-119/02-119, S(610063)",114,NTUC FAIRPRICE CO-OPERATIVE LTD,NTUC FAIRPRICE
C02041V000,"399 YUNG SHENG ROAD #01-43A & 01-35, S(610399)",115,NTUC FAIRPRICE CO-OPERATIVE LTD,NTUC FAIRPRICE
C02046K000,"1 BUKIT BATOK CENTRAL LINK, #B1-01 WEST MALL, S(658713)",116,COLD STORAGE SINGAPORE (1983) PTE LTD,COLD STORAGE
C02047J000,"345 CLEMENTI AVENUE 5, #01-78, S(120345)",117,U STARS SUPERMARKET PTE. LTD.,U STARS SUPERMARKET
C02048E000,"144 UPPER BUKIT TIMAH ROAD, #B1-01 BEAUTY WORLD CENTRE, S(588177)",118,COLD STORAGE SINGAPORE (1983) PTE LTD,COLD STORAGE
C02050X000,"3 YUAN CHING ROAD, #01 #01-01A/02, S(618642)",119,SHENG SIONG SUPERMARKET PTE LTD,SHENG SIONG
C02052N000,"5 RIDGEWOOD CLOSE RIDGEWOOD CONDOMINIUM, S(276696)",120,YEO KENG GUAN,ridgewood gourmet
C02053L000,"166 BUKIT BATOK WEST AVENUE 8 #01-256/258, S(650166)",121,NTUC FAIRPRICE CO-OPERATIVE LTD,NTUC FAIRPRICE
C02080E000,"61 TEBAN GARDENS ROAD, #01-21, S(600061)",122,SHENG SIONG SUPERMARKET PTE LTD,SHENG SIONG
C02104B000,"10 BUKIT BATOK CENTRAL, #01-08, S(659958)",123,NTUC FAIRPRICE CO-OPERATIVE LTD,NTUC FAIRPRICE
C03010C000,"1 MARITIME SQUARE #01-47/48/49/50 HARBOURFRONT CENTRE, S(099253)",124,COLD STORAGE SINGAPORE (1983) PTE LTD,COLD STORAGE
C79031J000,"21 GHIM MOH ROAD, #01-177, S(270021)",125,COLD STORAGE SINGAPORE (1983) PTE LTD,GIANT
SW16942C000,"12 TUAS SOUTH STREET 13, #01-18/19, S(636937)",126,POPULAR SUPERMARKET PTE. LTD.,POPULAR SUPERMARKET
SW16B52K000,"5 JALAN PAPAN, #01-32 ASPRI-WESTLITE PAPAN, S(619396)",127,AJMAL  TRADING GROUP PTE. LTD.,AJMAL TRADING GROUP
SW16B85N000,"69R TUAS SOUTH AVENUE 1, #01-02, S(639926)",128,KAVI TRADERS PTE. LTD.,KAVI MINIMART
SW16D52V000,"810 CHOA CHU KANG AVENUE 7, #01-01 MULTI STOREY CAR PARK, S(680810)",129,U STARS PTE. LTD.,U STARS SUPERMARKET
SW16D83E000,"249 JURONG EAST STREET 24, #01-106, S(600249)",130,NTUC FAIRPRICE CO-OPERATIVE LTD,NTUC FAIRPRICE
SW16E98J000,"500 OLD CHOA CHU KANG ROAD, #01-21, S(698924)",131,PHAN NEE INVESTMENTS (S) PTE LTD,PHANNEE SUPERMART
SW16H70N000,"69 TUAS SOUTH AVENUE 1, #01-02 SEATOWN INDUSTRIAL CENTRE, S(637589)",132,MALAR MARKETING PTE. LTD.,MALAR MARKETING
SW17592A000,"50 JURONG GATEWAY ROAD, #B1-43 JEM, S(608549)",133,SONG FISH DEALER PTE LTD,THE SEAFOOD MARKET PLACE BY SONG FISH
SW17728C000,"817 KEAT HONG LINK, #01-14 MULTI STOREY CAR PARK, S(680817)",134,U STARS PTE. LTD.,U STARS MEGAMART
SW17E56V000,"1 FUSIONOPOLIS WAY, #B2-03 CONNEXIS, S(138632)",135,COLD STORAGE SINGAPORE (1983) PTE LTD,COLD STORAGE
SW18581V000,"180 DEPOT ROAD, #01-04 INTERLACE, THE, S(109684)",136,THE QUALITYMART DEPOT PTE. LTD.,THE QUALITYMART DEPOT
SW18715E000,"13 YUK TONG AVENUE CHUN TIN COURT, S(596318)",137,SEOUL BUTCHERY PTE. LTD.,SEOUL BUTCHERY
SW18A30L000,"440 BUKIT BATOK WEST AVENUE 8, #01-10 MULTI STOREY CAR PARK, S(650440)",138,SHENG SIONG SUPERMARKET PTE LTD,SHENG SIONG
SW18A40J000,"35 STUDENTS WALK NTU CANTEEN 2, S(639548)",139,COLD STORAGE SINGAPORE (1983) PTE LTD,GIANT EXPRESS
SW18B79P000,"9 TRACTOR ROAD, S(627970)",140,MURUGAN TRADERS PTE LTD,-
SW18F69X000,"451 BUKIT BATOK WEST AVENUE 6, #01-10 MULTI STOREY CAR PARK, S(650451)",141,SHENG SIONG SUPERMARKET PTE LTD,SHENG SIONG
SW18G66X000,"34 BOON LEAT TERRACE (PART OF), S(119866)",142,HONESTBEE PTE. LTD.,HABITAT BY HONESTBEE
SW19707V000,"14 TUAS AVENUE 1, #01-01 JTC SPACE @ TUAS, S(639499)",143,BALU SUPER MARKET PTE. LTD.,BALU SUPERMARKET
SW19869J000,"292 BUKIT BATOK EAST AVENUE 6, #01-02 MULTI STOREY CAR PARK, S(650292)",144,SHENG SIONG SUPERMARKET PTE LTD,SHENG SIONG
SW19934B000,"1 HARBOURFRONT WALK, #B2-23A VIVO CITY, S(098585)",145,SONG FISH DEALER PTE LTD,THE SEAFOOD MARKET PLACE BY SONG FISH
SW19A15B000,"8 TECH PARK CRESCENT, #01-00, S(638124)",146,NIHI PTE. LTD.,NIHI MINI MART
SW19G50C000,"40 TUAS VIEW SQUARE, #01-03 LANDBASE INDUSTRIAL BUILDING, S(637779)",147,LAMIAH ENTERPRISE PTE. LTD.,LAMIAH MINIMART
W02065N000,"101 THOMSON ROAD, #B1-52 UNITED SQUARE, S(307591)",148,COLD STORAGE SINGAPORE (1983) PTE LTD,COLD STORAGE
W02066L000,"211 HOLLAND AVENUE, #01-05 HOLLAND ROAD SHOPPING CENTRE, S(278967)",149,COLD STORAGE SINGAPORE (1983) PTE LTD,COLD STORAGE
W02068J000,"1 KIM SENG PROMENADE, #B1-18/19 GREAT WORLD CITY, S(237994)",150,COLD STORAGE SINGAPORE (1983) PTE LTD,COLD STORAGE
C85274C000,"BLK 345 JURONG EAST STREET 31, #01-29, S(600345)",151,NTUC FAIRPRICE CO-OPERATIVE LTD,NTUC FAIRPRICE
C99107C000,"1 JURONG WEST CENTRAL 2, #B1-26 JURONG POINT SHOPPING CENTRE, S(648886)",152,SONG FISH DEALER PTE LTD,The Seafood Market Place by Song Fish
CE04086K000,"57 DAWSON ROAD, #01-01 DAWSON PLACE, S(142057)",153,NTUC FAIRPRICE CO-OPERATIVE LTD,NTUC FAIRPRICE
CE04334P000,"233 ANG MO KIO AVENUE 3, #01-1168, S(560233)",154,SHENG SIONG SUPERMARKET PTE LTD,SHENG SIONG
CE04558K000,"108 MCNAIR ROAD, #01-295, S(321108)",155,SHENG SIONG SUPERMARKET PTE LTD,SHENG SIONG
CE04561V000,"19 SERANGOON NORTH AVENUE 5, #01-01/02, S(554913)",156,SHENG SIONG SUPERMARKET PTE LTD,SHENG SIONG
CE05039P000,"201 YISHUN AVENUE 2, #01-03 KHATIB MRT STATION, S(769092)",157,COLD STORAGE SINGAPORE (1983) PTE LTD,COLD STORAGE
CE05096V000,"316B ANG MO KIO STREET 31, #01-11 MULTI STOREY CAR PARK, S(563316)",158,COLD STORAGE SINGAPORE (1983) PTE LTD,GIANT
CE05295K000,"71 KALLANG BAHRU, #02-531, S(330071)",159,NTUC FAIRPRICE CO-OPERATIVE LTD,NTUC FAIRPRICE
CE05380X000,"491 RIVER VALLEY ROAD, #01-20, S(248371)",160,LITTLE FARMS PTE. LTD.,LITTLE FARMS
CE05487V000,"1 JALAN BUKIT MERAH, #01-4500, S(150001)",161,NTUC FAIRPRICE CO-OPERATIVE LTD,NTUC FAIRPRICE
CE06044N000,"491 RIVER VALLEY ROAD, #01-14 VALLEY POINT, S(248371)",162,NTUC FAIRPRICE CO-OPERATIVE LTD,NTUC FAIRPRICE
CE06464C000,"501 BUKIT TIMAH ROAD, #01-02 CLUNY COURT, S(259760)",163,COLD STORAGE SINGAPORE (1983) PTE LTD,COLD STORAGE
CE06L48L000,"10 SINARAN DRIVE, #04-47/48 SQUARE 2, S(307506)",164,NTUC FAIRPRICE CO-OPERATIVE LTD,NTUC FAIRPRICE
CE06M36N000,"53 ANG MO KIO AVENUE 3, #B2-40, S(569933)",165,NTUC FAIRPRICE CO-OPERATIVE LTD,FAIRPRICE XTRA
CE07320C000,"43 CAMBRIDGE ROAD, #01-15, S(210043)",166,NTUC FAIRPRICE CO-OPERATIVE LTD,NTUC FAIRPRICE
CE07705A000,"30 GREENWOOD AVENUE HILLCREST PARK, S(289230)",167,SWISS BUTCHERY (2013) PRIVATE LIMITED,SWISS BUTCHERY
CE07783P000,"88 TANGLIN HALT ROAD, #01-10 MULTI STOREY CAR PARK, S(141088)",168,SHENG SIONG SUPERMARKET PTE LTD,SHENG SIONG
CE07B77K000,"370 ALEXANDRA ROAD, #B1-58 ANCHORPOINT, S(159953)",169,FISHOP PTE. LTD.,FISHOP
CE07D83B000,"5 UPPER BOON KENG ROAD, #01-05 MULTI STOREY CAR PARK, S(380005)",170,NTUC FAIRPRICE CO-OPERATIVE LTD,NTUC FAIRPRICE
CE07T39B000,"10 SINARAN DRIVE, #04-55 SQUARE 2, S(307506)",171,L M MEAT PTE. LTD.,Mmmm!
CE08015J000,"18 /20 KIM TIAN ROAD KAI FOOK MANSION, S(169252)",172,NTUC FAIRPRICE CO-OPERATIVE LTD,NTUC FAIRPRICE
CE08808B000,"56 TANGLIN ROAD, #01-02, S(247964)",173,SWISS BUTCHERY PTE LTD,swiss butchery
W02070V000,"290 ORCHARD ROAD, #B1-14/15 THE PARAGON, S(238859)",176,COLD STORAGE SINGAPORE (1983) PTE LTD,COLD STORAGE
W02071X000,"391A ORCHARD ROAD, #B2-01 NGEE ANN CITY TOWER A, S(238873)",177,COLD STORAGE SINGAPORE (1983) PTE LTD,COLD STORAGE
W02072P000,"302 TIONG BAHRU ROAD, #B1-01 TIONG BAHRU PLAZA, S(168732)",178,NTUC FAIRPRICE CO-OPERATIVE LTD,NTUC FAIRPRICE
W02073N000,"163 TANGLIN ROAD, #B1-02/03 TANGLIN MALL, S(247933)",179,COLD STORAGE SINGAPORE (1983) PTE LTD,COLD STORAGE
W02074L000,"238 THOMSON ROAD, #01-29 NOVENA SQUARE, S(307683)",180,COLD STORAGE SINGAPORE (1983) PTE LTD,COLD STORAGE
W02075K000,"230 VICTORIA STREET, #B1-16 BUGIS JUNCTION, S(188024)",181,COLD STORAGE SINGAPORE (1983) PTE LTD,COLD STORAGE
W02076J000,"5 BANDA STREET, #03-92, S(050005)",182,HONG HENG SENG,fish supplier
W02078C000,"350 ORCHARD ROAD, #B1-00 SHAW HOUSE, S(238868)",183,ISETAN (SINGAPORE) LIMITED,ISETAN SUPERMARKET
W02080P000,"252 NORTH BRIDGE ROAD, #B1-01 RAFFLES CITY SHOPPING CENTRE, S(179103)",184,COLD STORAGE SINGAPORE (1983) PTE LTD,Market Place
W02081N000,"5001 BEACH ROAD, #02-64 GOLDEN MILE COMPLEX, S(199588)",185,LOH NYEN YIU,thai supermarket
W02083K000,"166 BUKIT MERAH CENTRAL, #01-3527 02-3531 BUKIT MERAH AREA OFFICE, S(150166)",186,NTUC FAIRPRICE CO-OPERATIVE LTD,NTUC FAIRPRICE
W02086C000,"50 HAVELOCK ROAD, #01-755, S(160050)",187,NTUC FAIRPRICE CO-OPERATIVE LTD,NTUC FAIRPRICE
W02088A000,"68 ORCHARD ROAD, #B2-15/16 PLAZA SINGAPURA, S(238839)",188,COLD STORAGE SINGAPORE (1983) PTE LTD,COLD STORAGE
W02092J000,"5 TANJONG PAGAR PLAZA, #01-01, S(081005)",189,NTUC FAIRPRICE CO-OPERATIVE LTD,NTUC FAIRPRICE
W02096A000,"81 CLEMENCEAU AVENUE, #02-18, S(239917)",190,COLD STORAGE SINGAPORE (1983) PTE LTD,COLD STORAGE
W02100V000,"109 BUKIT PURMEI ROAD, #01-155, S(090109)",191,NG CHAI SENG,-
W02140C000,"200 TURF CLUB ROAD THE GRANDSTAND, S(287994)",192,HAO MART PTE. LTD.,HAO MART
W02239E000,"131 KILLINEY ROAD, #01-01,02 ORCHARD GRAND COURT, S(239571)",193,NTUC FAIRPRICE CO-OPERATIVE LTD,NTUC FAIRPRICE
W02332N000,"52 CHIN SWEE ROAD, #01-25, S(160052)",194,SHENG SIONG SUPERMARKET PTE LTD,SHENG SIONG
W02430L000,"501 BUKIT TIMAH ROAD, #01-05B (PART OF) CLUNY COURT, S(259760)",195,THE FISHWIVES PTE. LTD.,THE FISHWIVES
W03142N000,"147 SYED ALWI ROAD, S(207706)",196,MUSTAFA HOLDINGS PTE LTD,Mustafa Singapore
W03223N000,"780 YISHUN RING ROAD, #01-3546, S(760780)",197,KAI SOON SUPERMARKET PTE. LTD.,KAI SOON SUPERMARKET
W70029L000,"170 STIRLING ROAD, #01-1147, S(140170)",198,NTUC FAIRPRICE CO-OPERATIVE LTD,NTUC FAIRPRICE
W72014K000,"86 REDHILL CLOSE, #01-610, S(150086)",199,COLD STORAGE SINGAPORE (1983) PTE LTD,GIANT
W74072X000,"8 TELOK BLANGAH CRESCENT, #01-171, S(090008)",200,COLD STORAGE SINGAPORE (1983) PTE LTD,GIANT
W89166E000,"176 ORCHARD ROAD, #B1-09/11 CENTREPOINT SHOPPING COMPLEX, S(238843)",201,COLD STORAGE SINGAPORE (1983) PTE LTD,COLD STORAGE
W90084A000,"133 NEW BRIDGE ROAD, #B1-01 CHINATOWN POINT, S(059413)",202,NTUC FAIRPRICE CO-OPERATIVE LTD,NTUC FAIRPRICE
CE09685B000,"20 GREENWOOD AVENUE HILLCREST PARK, S(289215)",203,COLD STORAGE SINGAPORE (1983) PTE LTD,COLD STORAGE
CE09744N000,"5 ALJUNIED ROAD, S(389797)",204,YEO HOCK HENG,-
CE09874X000,"2 MARINA BOULEVARD, #B1-05 SAIL @ MARINA BAY, THE, S(018987)",205,AL MARCHE PTE. LTD.,MINI MART
CE09902A000,"7 GREENDALE AVENUE GREENDALE COURT, S(289504)",206,NG LIAN TEE,NG LIAN TEE
CE09H10X000,"180 KITCHENER ROAD, #B1-09/10 CITY SQUARE MALL, S(208539)",207,NTUC FAIRPRICE CO-OPERATIVE LTD,NTUC FAIRPRICE
CE10085L000,"230 GEYLANG ROAD #B1-01 & #01-01, S(389290)",208,PRB TRADING PTE. LTD.,PRB TRADING
CE10B87J000,"383 BUKIT TIMAH ROAD, #01-09A ALOCASSIA APARTMENTS, S(259727)",209,COLD STORAGE SINGAPORE (1983) PTE LTD,COLD STORAGE
CE10I13B000,"225 OUTRAM ROAD, S(169038)",210,FOODIE MARKET PLACE PTE. LTD.,FOODIE MARKET PLACE
CE11B47P000,"32 LORONG 11 GEYLANG, S(388724)",211,HAO MART PTE. LTD.,HAO MART
CE11C49E000,"26 JALAN MEMBINA, #01-07, S(161026)",212,COLD STORAGE SINGAPORE (1983) PTE LTD,GIANT
CE11F41C000,"150 SILAT AVENUE, #01-44, S(160150)",213,NTUC FAIRPRICE CO-OPERATIVE LTD,FAIRPRICE SHOP
CE11H82X000,"24 WATERLOO STREET, #02-01 JEWISH SYNAGOGUE, S(187950)",214,"Jewish Welfare Board, Singapore, The",KOSHER SHOP
CE11M39P000,"6 SCOTTS ROAD #B1-03/07 & #B1-10 SCOTTS SQUARE, S(228209)",215,NTUC FAIRPRICE CO-OPERATIVE LTD,NTUC FAIRPRICE
CE11N90C000,"712 ANG MO KIO AVENUE 6, #01-4056, S(560712)",216,NTUC FAIRPRICE CO-OPERATIVE LTD,NTUC FAIRPRICE
CE11P32L000,"1 SELETAR ROAD, #01-11 GREENWICH, THE, S(807011)",217,COLD STORAGE SINGAPORE (1983) PTE LTD,COLD STORAGE
CE12096L000,"1 JALAN BERSEH, #B1-03/22 NEW WORLD CENTRE, S(209037)",218,SHENG SIONG SUPERMARKET PTE LTD,SHENG SIONG
CE12546B000,"301 GEYLANG ROAD #01-02, #02-01/02/03/04/05 BCH@301, S(389344)",219,SHENG SIONG SUPERMARKET PTE LTD,SHENG SIONG
CE12695A000,"74 WHAMPOA DRIVE, #01-332, S(320074)",220,HAO MART PTE. LTD.,HAO MART
CE12H50C000,"100 TRAS STREET, #B1-01 100 AM, S(079027)",221,NTUC FAIRPRICE CO-OPERATIVE LTD,FAIRPRICE FINEST
CE12H94B000,"542B SERANGOON NORTH AVENUE 3, #02-01 MUTLI STOREY CAR PARK, S(552542)",222,PRIME SUPERMARKET (1996) PTE LTD,PRIME SUPERMARKET
CE12J32X000,"2 ANG MO KIO DRIVE, #01-12 ITE COLLEGE CENTRAL, S(567720)",223,SHENG SIONG SUPERMARKET PTE LTD,SHENG SIONG
CE12V01C000,"16 JALAN KURAS SEMBAWANG HILLS ESTATE, S(577729)",224,HAO MART PTE. LTD.,HAO MART
CE13539N000,"583 ORCHARD ROAD #B1-05/06/07/08/09 FORUM, S(238884)",225,SUPERNATURE PTE LTD,SUPERNATURE
CE13O90C000,"20 AH HOOD ROAD, #02-01, S(329984)",226,NTUC FAIRPRICE CO-OPERATIVE LTD,FAIRPRICE FINEST
CE13R25C000,"447A JALAN KAYU, #01-02, S(791447)",227,NTUC FAIRPRICE CO-OPERATIVE LTD,NTUC FAIRPRICE
CE13S05E000,"249 JALAN KAYU, S(799473)",228,HAMINI PTE. LTD.,LABIBA ENTERPRISE
CE13Z03L000,"3 TEMASEK BOULEVARD SUNTEC CITY MALL (#B1-150 TO #B1-159), S(038983)",229,COLD STORAGE SINGAPORE (1983) PTE LTD,GIANT HYPERFRESH
CE13Z38L000,"12 MARINA VIEW, #01-06/08 ASIA SQUARE TOWER 2 (3 Units: 6, 7 & 8), S(018961)",230,AP HOUSE PTE. LTD.,AP
CE13Z98K000,"808 FRENCH ROAD, #01-01 KITCHENER COMPLEX, S(200808)",231,NTUC FAIRPRICE CO-OPERATIVE LTD,NTUC FAIRPRICE
CE14938E000,"133 NEW BRIDGE ROAD, #B1-26 CHINATOWN POINT, S(059413)",232,SONG FISH DEALER PTE LTD,SONG FISH- SEAFOOD MARKET PLACE
CE14G71E000,"16 ENGGOR STREET ALTEZ (UNITS: #01-05/06/07/08), S(079717)",233,COLD STORAGE SINGAPORE (1983) PTE LTD,COLD STORAGE
CE14G73B000,"12 KALLANG AVENUE, #01-47 APERIA, S(339511)",234,COLD STORAGE SINGAPORE (1983) PTE LTD,COLD STORAGE
CE14L50J000,"33 SENGKANG WEST AVENUE, #B2-24 THE SELETAR MALL, S(797653)",235,NTUC FAIRPRICE CO-OPERATIVE LTD,FAIRPRICE FINEST
CE14Q85A000,"310 GEYLANG ROAD, S(389349)",236,B & S MINI MART PTE. LTD.,B&S MINIMART
CE15023A000,"8 SELETAR NORTH LINK, #G1-03 PPT LODGE 1A, S(797455)",237,GW TRADER PTE. LTD.,GW MINIMART
CE15042P000,"2 SELETAR NORTH LINK, #01-38 PPT LODGE 1B, S(797601)",238,D-RON INVESTMENTS PTE. LTD.,HOME SUPERMART
CE15577J000,"442 ORCHARD ROAD, #B1-01/11 ORCHARD HOTEL, S(238879)",239,COLD STORAGE SINGAPORE (1983) PTE LTD,COLD STORAGE
CE15695V000,"279 SENGKANG EAST AVENUE, #01-06 MULTI STOREY CAR PARK, S(540279)",240,NTUC FAIRPRICE CO-OPERATIVE LTD,NTUC FAIRPRICE
CE15B61K000,"330 ANCHORVALE STREET, #01-01, S(540330)",241,U STARS SUPERMARKET PTE. LTD.,U STARS SUPERMARKET
CE15G35E000,"20 LENGKOK BAHRU, #01-13, S(159053)",243,NTUC FAIRPRICE CO-OPERATIVE LTD,NTUC FAIRPRICE
CE15J25N000,"85 DAWSON ROAD, #01-01 MULTI STOREY CAR PARK, S(141085)",244,SHENG SIONG SUPERMARKET PTE LTD,SHENG SIONG
CE16445A000,"809 FRENCH ROAD, #03-31 KITCHENER COMPLEX, S(200809)",245,MAHOTA FOOD PTE. LTD.,MAHOTA COMMUNE
CE16913J000,"473 FERNVALE STREET, #01-06 FERNVALE RIVERGROVE, S(790473)",246,SHENG SIONG SUPERMARKET PTE LTD,SHENG SIONG
CE16E64A000,"106 HENDERSON CRESCENT, #01-47 HENDERSONVILLE, S(150106)",247,HAO MART PTE. LTD.,HAO MART
CE16I13V000,"68 ORCHARD ROAD, #B2-17 PLAZA SINGAPURA, S(238839)",248,IROHA INTERNATIONAL PTE. LTD.,IROHA MART
CE16K18V000,"574 ANG MO KIO AVENUE 10, #01-1847, S(560574)",249,NTUC FAIRPRICE CO-OPERATIVE LTD,FAIRPRICE SHOP
CE16M43E000,"7 WALLICH STREET, #B2-06 TANJONG PAGAR CENTRE, S(078884)",250,LITTLE FARMS PTE. LTD.,LITTLE FARMS
CE17174A000,"118 HOLLAND AVENUE, #B1-01/10 RAFFLES HOLLAND V, S(278997)",251,TASTE (SINGAPORE) PRIVATE LIMITED,TASTE SINGAPORE
CE17A46V000,"222 BISHAN STREET 23, #01-K1, S(570222)",252,HAO MART PTE. LTD.,HAO MART
CE17A77E000,"1 JALAN DUSUN, #01-09/10 ONE DUSUN RESIDENCES, S(329363)",253,CAVEMEN PTE. LTD.,CAVEMEN
CE17E43B000,"410A SIN MING AVENUE, #01-02 MULTI STOREY CAR PARK, S(571410)",254,HAO MART PTE. LTD.,HAO MART
CE17F56J000,"133 NEW BRIDGE ROAD, #B1-11 CHINATOWN POINT, S(059413)",255,IROHA INTERNATIONAL PTE. LTD.,IROHA MART
CE17J36N000,"5 STRAITS VIEW, #B2-15/16 THE HEART, S(018935)",256,COLD STORAGE SINGAPORE (1983) PTE LTD,COLD STORAGE
CE17K55B000,"30 BENDEMEER ROAD, #01-871 BENDEMEER VILLE, S(330030)",257,NTUC FAIRPRICE CO-OPERATIVE LTD,FAIRPRICE SHOP
CE17L02A000,"95 LORONG 4 TOA PAYOH, #01-68 TOA PAYOH PALM SPRING, S(310095)",258,NTUC FAIRPRICE CO-OPERATIVE LTD,FAIRPRICE SHOP
CE17L45A000,"181 ORCHARD ROAD, #B2-01/03 ORCHARD CENTRAL, S(238896)",259,PAN PACIFIC RETAIL MANAGEMENT (SINGAPORE) PTE. LTD.,DON DON DONKI
CE17M26A000,"17 JALAN TENTERAM, #01-128, S(321017)",260,HAO MART PTE. LTD.,HAO MART
CE17M36X000,"146 JALAN BUKIT MERAH, #01-1074, S(160146)",261,HAO MART PTE. LTD.,HAO MART
CE17P14L000,"3 TEMASEK BOULEVARD, #01-616 SUNTEC CITY MALL, S(038983)",262,SF (313) PTE. LTD.,SF FARM MART
CE17Q32B000,"417 FERNVALE LINK, #01-11 MULTI STOREY CAR PARK, S(790417)",263,SHENG SIONG SUPERMARKET PTE LTD,SHENG SIONG
CE17Q33A000,"338 ANCHORVALE CRESCENT, #01-11 MULTI STOREY CAR PARK, S(540338)",264,SHENG SIONG SUPERMARKET PTE LTD,SHENG SIONG
CE18A78X000,"100 TRAS STREET, #02-01/05 100 AM, S(079027)",265,PAN PACIFIC RETAIL MANAGEMENT (SINGAPORE) PTE. LTD.,DON DON DONKI
CE18I13C000,"3 LORONG LIPUT, #01-04 HOLLAND VILLAGE CORNER, S(277725)",266,LITTLE FARMS PTE. LTD.,LITTLE FARMS
CE18P85X000,"111 SOMERSET ROAD, #01-01/02 TRIPLEONE SOMERSET, S(238164)",267,NTUC FAIRPRICE CO-OPERATIVE LTD,FAIRPRICE FINEST
CE18R47X000,"991 BUANGKOK LINK, #01-28 MULTI STOREY CAR PARK, S(530991)",268,PRIME SUPERMARKET (1996) PTE LTD,PRIME SUPERMARKET
CE18T11J000,"8A MARINA BOULEVARD, #B2-44-50 MARINA BAY LINK MALL, S(018984)",269,COLD STORAGE SINGAPORE (1983) PTE LTD,JO BY COLD STORAGE
CE18T88K000,"180 KITCHENER ROAD, #B2-06 CITY SQUARE MALL, S(208539)",270,PAN PACIFIC RETAIL MANAGEMENT (SINGAPORE) PTE. LTD.,DON DON DONKI
CE18W55K000,"803 KING GEORGE'S AVENUE, #01-168, S(200803)",271,HAO MART PTE. LTD.,HAO MART
CE19351J000,"2 BAYFRONT AVENUE, #01-29 MARINA BAY SANDS, S(018972)",272,COLD STORAGE SINGAPORE (1983) PTE LTD,Jasons Deli By Cold Storage
CE19392L000,"15 DEMPSEY ROAD, S(249675)",273,CULINA PTE. LTD.,CULINA
CE19799X000,"991 BUANGKOK LINK, #01-24/25 MULTI STOREY CAR PARK, S(530991)",274,SUZYAMEER FROZEN PTE. LTD.,SUZYAMEER FROZEN
CE19878A000,"10 SINARAN DRIVE, #B1-01/85 SQUARE 2, S(307506)",275,PAN PACIFIC RETAIL MANAGEMENT (SINGAPORE) PTE. LTD.,DON DON DONKI
CE19910L000,"107 NORTH BRIDGE ROAD, #B1-10, S(179105)",276,NTUC FAIRPRICE CO-OPERATIVE LTD,FAIRPRICE FINEST
CE19987N000,"51 UPPER SERANGOON ROAD, #01-30-32 THE POIZ CENTRE, S(347697)",277,NTUC FAIRPRICE CO-OPERATIVE LTD,NTUC FAIRPRICE
CE19A43K000,"351 ANCHORVALE ROAD, #01-05 MULTI STOREY CAR PARK, S(540351)",278,SHENG SIONG SUPERMARKET PTE LTD,SHENG SIONG
CE19H85N000,"6 EU TONG SEN STREET, #B1-11-24 THE CENTRAL, S(059817)",279,PAN PACIFIC RETAIL MANAGEMENT (SINGAPORE) PTE. LTD.,DON DON DONKI
CE19I23N000,"1 KIM SENG PROMENADE, #B2-111 GREAT WORLD CITY, S(237994)",280,MEIDI-YA SINGAPORE CO (PTE) LTD,MEIDI-YA SUPERMARKET
CE19K92V000,"116 JALAN TENTERAM, #01-02 MULTI STOREY CAR PARK, S(320116)",281,HAO MART PTE. LTD.,HAO MART
E02026P000,"20 EASTWOOD ROAD, #01-07/09 EASTWOOD CENTRE, S(486442)",282,COLD STORAGE SINGAPORE (1983) PTE LTD,COLD STORAGE
E02027N000,"80 MARINE PARADE ROAD, #B1-84 PARKWAY PARADE SHOPPING CENTRE, S(449269)",283,COLD STORAGE SINGAPORE (1983) PTE LTD,COLD STORAGE
E02028L000,"266 SERANGOON CENTRAL DRIVE, #01-255, S(550266)",284,COLD STORAGE SINGAPORE (1983) PTE LTD,Giant Supermarket.
E02030B000,"306 UBI AVENUE 1, #01-185, S(400306)",285,COLD STORAGE SINGAPORE (1983) PTE LTD,GIANT
E02032V000,"539A BEDOK NORTH STREET 3, #01-477 BEDOK NORTH AREA OFFICE, S(461539)",286,SHENG SIONG SUPERMARKET PTE LTD,SHENG SIONG
E02033X000,"509 BEDOK NORTH STREET 3, #01-121, S(460509)",287,COLD STORAGE SINGAPORE (1983) PTE LTD,GIANT SUPER
E02034P000,"114 ALJUNIED AVENUE 2, #01-75, S(380114)",288,NTUC FAIRPRICE CO-OPERATIVE LTD,NTUC FAIRPRICE
E02035N000,"212 BEDOK NORTH STREET 1, #01-147, S(460212)",289,NTUC FAIRPRICE CO-OPERATIVE LTD,NTUC FAIRPRICE
E02039E000,"152B SERANGOON NORTH AVENUE 1, #01-384, S(552152)",290,NTUC FAIRPRICE CO-OPERATIVE LTD,NTUC FAIRPRICE
E02041X000,"25A CHAI CHEE ROAD, #01-459, S(461025)",291,PRIME SUPERMARKET LIMITED,PRIME SUPERMARKET
E02042P000,"803 KING GEORGE'S AVENUE, #01-154, S(200803)",292,PRIME SUPERMARKET LIMITED,PRIME
E02045K000,"118 ALJUNIED AVENUE 2, S(380118)",293,SHENG SIONG SUPERMARKET PTE LTD,SHENG SIONG
E02047E000,"348 BEDOK ROAD, #01-01 BEDOK SHOPPING COMPLEX, S(469560)",294,COLD STORAGE SINGAPORE (1983) PTE LTD,GIANT SUPERMARKET
E02072C000,"29 CHAI CHEE AVENUE, #01-62, S(460029)",295,TEO BOBBY,NTUC FAIRPRICE
E02096K000,"6 MARINE PARADE CENTRAL NTUC FAIRPRICE SUPERMARKET, S(449411)",296,NTUC FAIRPRICE CO-OPERATIVE LTD,NTUC FAIRPRICE
E02140N000,"1 JALAN BERSEH, #B1-02 NEW WORLD CENTRE, S(209037)",297,SHENG SIONG SUPERMARKET PTE LTD,SHENG SIONG
E02196C000,"80 MARINE PARADE ROAD, #03-27/62 PARKWAY PARADE, S(449269)",298,COLD STORAGE SINGAPORE (1983) PTE LTD,GIANT HYPERMARKET
E03034J000,"115 BEDOK NORTH ROAD, #01-319, S(460115)",299,SHENG SIONG SUPERMARKET PTE LTD,SHENG SIONG
E73010V000,"11 UPPER BOON KENG ROAD, #01-901, S(380011)",300,SHENG SIONG SUPERMARKET PTE LTD,SHENG SIONG
E75097C000,"18 BEDOK SOUTH ROAD, #01-87, S(460018)",301,PRIME SUPERMARKET (1996) PTE LTD,prime supermarket
E82118V000,"537 BEDOK NORTH STREET 3, #01-555, S(460537)",302,HAO MART PTE. LTD.,HAO MART
E83157K000,"934 EAST COAST ROAD, S(459125)",303,NTUC FAIRPRICE CO-OPERATIVE LTD,NTUC FAIRPRICE
E85090E000,"120 POTONG PASIR AVENUE 1, #01-812, S(350120)",304,HAO MART PTE. LTD.,HAO MART
E95315V000,"77 CIRCUIT ROAD, #01-464/6, S(370077)",305,NTUC FAIRPRICE CO-OPERATIVE LTD,NTUC FAIRPRICE
E98161V000,"  EAST COAST ROAD, S(428932)",306,NTUC FAIRPRICE CO-OPERATIVE LTD,NTUC FAIRPRICE
J02008P000,"410 CHOA CHU KANG AVENUE 3, #01-341, S(680410)",307,ANG KEN CHUA,-
J02009N000,"544 JURONG WEST STREET 42, #01-97/99, S(640544)",308,SHENG SIONG SUPERMARKET PTE LTD,SHENG SIONG
J02010E000,"475 CHOA CHU KANG AVENUE 3, #01-01, S(680475)",309,COLD STORAGE SINGAPORE (1983) PTE LTD,GIANT
J02011C000,"464 UPPER BUKIT TIMAH ROAD, S(678077)",310,COLD STORAGE SINGAPORE (1983) PTE LTD,COLD STORAGE
J02013A000,"221 BOON LAY PLACE, #02-200 BOON LAY SHOPPING CENTRE, S(640221)",311,NTUC FAIRPRICE CO-OPERATIVE LTD,NTUC FAIRPRICE
J02016P000,"442 JURONG WEST AVENUE 1, #01-756, S(640442)",312,NG TOH TET,Seng Eng
J02017N000,"373 BUKIT BATOK STREET 31, #01-248, S(650373)",313,PRIME SUPERMARKET LIMITED,Prime Supermarket
J02018L000,"253 CHOA CHU KANG AVENUE 1, #B1-07/10, S(680253)",314,PRIME SUPERMARKET (1996) PTE LTD,PRIME SUPERMARKET
J02019K000,"962 JURONG WEST STREET 91, #01-300, S(640962)",315,PRIME SUPERMARKET LIMITED,Prime Supermarket
J02020B000,"142 TECK WHYE LANE, #01-281, S(680142)",316,PRIME SUPERMARKET (1996) PTE LTD,PRIME SUPERMARKET
J02021A000,"376 BUKIT BATOK STREET 31, #01-116, S(650376)",317,COLD STORAGE SINGAPORE (1983) PTE LTD,COLD STORAGE
J03027B000,"17 KIAN TECK LANE, #01-65, S(627851)",318,KADER HASNA MARICAN,JURONG ISLAND MINIMART
J03056N000,"492 JURONG WEST STREET 41 #01-24/26/28, S(640492)",319,COLD STORAGE SINGAPORE (1983) PTE LTD,COLD STORAGE
J87134E000,"257 KRANJI ROAD 1ST STOREY, S(739503)",320,BALASUBRAMANIYAN KANNADASAN,G & G WHOLESALE & MARKETING
J92067N000,"371 BUKIT BATOK STREET 31, #01-324, S(650371)",321,MCP FAIRMART PTE. LTD.,MCP FAIRMART
J94081B000,"763 JURONG WEST STREET 75, #01-01, S(640763)",322,PRIME SUPERMARKET LIMITED,PRIME SUPERMARKET
J96145K000,"21 CHOA CHU KANG AVENUE 4, #B1-03 LOT 1 SHOPPERS' MALL, S(689812)",323,NTUC FAIRPRICE CO-OPERATIVE LTD,NTUC FAIRPRICE
NE04047K000,"138 TAMPINES STREET 11, #01-136, S(521138)",324,NTUC FAIRPRICE CO-OPERATIVE LTD,NTUC FAIRPRICE
NE04092A000,"625 ELIAS ROAD, #01-302 ELIAS MALL, S(510625)",325,U STARS PTE. LTD.,U STARS SUPERMARKET
NE04107V000,"168 PUNGGOL FIELD, #03-01 PUNGGOL PLAZA, S(820168)",326,NTUC FAIRPRICE CO-OPERATIVE LTD,NTUC FAIRPRICE
NE04109P000,"21 KAKI BUKIT AVENUE 3 GOLDEN BUKIT DORMITORY 2, S(415920)",327,AZ SUPERMART PTE. LTD.,AZ SUPERMART
NE04114A000,"866A TAMPINES STREET 83, #01-01 TAMPINES CENTRAL COMMUNITY COMPLEX, S(521866)",328,NTUC FAIRPRICE CO-OPERATIVE LTD,NTUC FAIRPRICE
NE04155C000,"829 TAMPINES ST 81, S(520829)",329,YES SUPERMARKET PTE LTD,YES Supermarket
NE19271N000,"231 SUMANG LANE, #01-02, S(820231)",374,SHENG SIONG SUPERMARKET PTE LTD,SHENG SIONG
NE06429X000,"266 COMPASSVALE BOW, #01-02 MULTI STOREY CAR PARK, S(540266)",330,COLD STORAGE SINGAPORE (1983) PTE LTD,COLD STORAGE
NE07474A000,"21 TAMPINES NORTH DRIVE 2 GIANT HYPERMARKETS, S(528765)",331,COLD STORAGE SINGAPORE (1983) PTE LTD,COLD STORAGE
NE08058P000,"1 PASIR RIS CLOSE, #02-127 PASIR RIS NTUC RESORT, S(519599)",332,NTUC FAIRPRICE CO-OPERATIVE LTD,NTUC FAIRPRICE
NE08150C000,"BLK 277C COMPASSVALE LINK, #01-13 UNIT 01, S(543277)",333,NTUC FAIRPRICE CO-OPERATIVE LTD,NTUC FAIRPRICE
NE08357A000,"201D TAMPINES STREET 21, #01-1161, S(524201)",334,SUZYAMEER FROZEN PTE. LTD.,SUZYAMEER FROZEN
NE08405X000,"632 BEDOK RESERVOIR ROAD, #01-824, S(470632)",335,CHUA & NG PTE. LTD.,KAKA FRUITS & VEGETABLE SPECIALIST
NE09027A000,"10 TAMPINES CENTRAL 1, #B1-01/02, S(529536)",336,COLD STORAGE SINGAPORE (1983) PTE LTD,COLD STORAGE
NE09263B000,"100 HOUGANG AVENUE 10, #02-01, S(538767)",337,NTUC FAIRPRICE CO-OPERATIVE LTD,NTUC FAIRPRICE
NE09314N000,"776 PASIR RIS STREET 71, #01-412, S(510776)",338,COLD STORAGE SINGAPORE (1983) PTE LTD,GIANT
NE09359K000,"301 PUNGGOL CENTRAL, #01-01 MULTI STOREY CAR PARK, S(820301)",339,SHENG SIONG SUPERMARKET PTE LTD,SHENG SIONG
NE10113B000,"639 PUNGGOL DRIVE, #01-01, S(820639)",340,ANG MO SUPERMARKET PTE LTD,ang mo supermarket
NE10213X000,"280 TAMPINES STREET 22, #01-244, S(520280)",341,SHAHUL HAMEED S/O ABDUSALAM,begonia supermarket
NE10310X000,"1 MAJU AVENUE, #B1-11-14 MY  VILLAGE, S(556679)",342,NTUC FAIRPRICE CO-OPERATIVE LTD,FINEST
NE11529V000,"159A HOUGANG STREET 11, #01-01 MULTI STOREY CAR PARK, S(531159)",343,PRIME SUPERMARKET (1996) PTE LTD,PRIME SUPERMARKET
NE11909C000,"683 HOUGANG AVENUE 8, #01-903, S(530683)",344,COLD STORAGE SINGAPORE (1983) PTE LTD,COLD STORAGE
NE12B79A000,"612 PUNGGOL DRIVE, #01-06, S(820612)",345,NTUC FAIRPRICE CO-OPERATIVE LTD,NTUC FAIRPRICE
NE12I65N000,"273C PUNGGOL PLACE, #01-884 PUNGGOL REGALIA, S(823273)",346,LI LI CHENG SUPERMARKET (PUNGGOL) PTE. LTD.,LI LI CHENG SUPERMARKET
NE13M11K000,"622D PUNGGOL CENTRAL, #01-06 PUNGGOL SPECTRA, S(824622)",347,COLD STORAGE SINGAPORE (1983) PTE LTD,COLD STORAGE
NE14190K000,"23 KAKI BUKIT ROAD 3, #01-02 THE LEO, S(415812)",348,VIVA CORP SERVICES PTE. LTD.,VIVA MART ENTERPRISES
NE15002X000,"506 TAMPINES CENTRAL 1, #01-361 S11 COURT, S(520506)",349,SHENG SIONG SUPERMARKET PTE LTD,SHENG SIONG
NE15006K000,"78 SERANGOON GARDEN WAY, #01-01 SERANGOON GARDEN ESTATE, S(555974)",350,SFERM PTE. LTD.,SFERM
NE15211C000,"312A SUMANG LINK, #01-04 PUNGGOL PARCVISTA, S(821312)",351,SHENG SIONG SUPERMARKET PTE LTD,SHENG SIONG
NE15276N000,"527D PASIR RIS STREET 51, #01-01 COSTA RIS, S(514527)",352,SHENG SIONG SUPERMARKET PTE LTD,SHENG SIONG
NE15440C000,"261 PUNGGOL WAY, #01-02 MULTI STOREY CAR PARK, S(820261)",353,U STARS SUPERMARKET PTE. LTD.,U STARS SUPERMARKET
NE15467C000,"476 UPPER SERANGOON VIEW, #02-18 MULTI STOREY CAR PARK, S(530476)",354,NTUC FAIRPRICE CO-OPERATIVE LTD,NTUC FAIRPRICE
NE15476B000,"308C PUNGGOL WALK, #01-352 WATERWAY TERRACES I, S(823308)",355,HAO MART PTE. LTD.,HAO MART
NE15611B000,"671 EDGEFIELD PLAINS, #02-01, S(820671)",356,COLD STORAGE SINGAPORE (1983) PTE LTD,GIANT SUPERMARKET
NE15760A000,"11 PASIR RIS LINK, #01-48 SEASTRAND, S(518180)",357,RAW MARKET PTE. LTD.,RAW MARKET
NE15762X000,"83 PUNGGOL CENTRAL, #B2-32 WATERWAY POINT, S(828761)",358,NTUC FAIRPRICE CO-OPERATIVE LTD,FAIRPRICE FINEST
NE16139A000,"259 PASIR RIS STREET 21, #01-27, S(510259)",359,COLD STORAGE SINGAPORE (1983) PTE LTD,GIANT
NE16363K000,"1 SENGKANG SQUARE, #B1-25 1 SENGKANG MALL (1SM), S(545078)",360,COLD STORAGE SINGAPORE (1983) PTE LTD,COLD STORAGE
NE16640E000,"51 TAMPINES AVENUE 4, #B1-01 OUR TAMPINES HUB, S(529684)",361,NTUC FAIRPRICE CO-OPERATIVE LTD,NTUC FAIRPRICE
NE16747J000,"218 SUMANG WALK, #01-01, S(820218)",362,U STARS SUPERMARKET PTE. LTD.,U STARS SUPERMARKET
NE16875P000,"487B TAMPINES STREET 45, #B1-123, S(521487)",363,HAO MART PTE. LTD.,HAO MART
NE17023N000,"258 PASIR RIS STREET 21, #02-10 LOYANG POINT, S(510258)",364,SHENG SIONG SUPERMARKET PTE LTD,SHENG SIONG
NE17098V000,"215C COMPASSVALE DRIVE, #01-01, S(543215)",365,U STARS SUPERMARKET PTE. LTD.,U STARS SUPERMARKET
NE17390X000,"878C TAMPINES AVENUE 8, #01-65, S(523878)",366,U STARS SUPERMARKET PTE. LTD.,U STARS SUPERMARKET
NE17700J000,"660A EDGEDALE PLAINS, #01-01 WATERWAY SUNDEW, S(821660)",367,SHENG SIONG SUPERMARKET PTE LTD,SHENG SIONG
NE18066E000,"183 JALAN PELIKAT, #01-12 THE PROMENADE@PELIKAT, S(537643)",368,ISYMI PTE. LTD.,-
NE18169P000,"681 PUNGGOL DRIVE, #B1-01, S(820681)",369,NTUC FAIRPRICE CO-OPERATIVE LTD,NTUC FAIRPRICE
NE18339P000,"2 TAMPINES CENTRAL 5, #B1-08 CENTURY SQUARE, S(529509)",370,SONG FISH DEALER PTE LTD,THE SEAFOOD MARKET PLACE BY SONG FISH
NE18406E000,"2 TAMPINES CENTRAL 5, #B1-06 CENTURY SQUARE, S(529509)",371,TANESEI RETAILING PTE. LTD.,J-MART JAPANESE FOOD MARKET
NE18529J000,"681 PUNGGOL DRIVE, #01-09, S(820681)",372,SONG FISH DEALER PTE LTD,THE SEAFOOD MARKET PLACE BY SONG FISH
NE18667L000,"658 PUNGGOL EAST, #01-01, S(820658)",373,HAO MART PTE. LTD.,HAO MART
NW04014P000,"102 YISHUN AVENUE 5, #01-125, S(760102)",375,COLD STORAGE SINGAPORE (1983) PTE LTD,-
NW04127A000,"900 SOUTH WOODLANDS DRIVE, #B1-01 WOODLANDS CIVIC CENTRE, S(730900)",376,NTUC FAIRPRICE CO-OPERATIVE LTD,-
NW06239N000,"108 CLEMENTI STREET 11, #01-K1, S(120108)",377,THNG SAIK MONG,-
NW06546V000,"511 CANBERRA ROAD, #02-03 SEMBAWANG MART, S(750511)",378,NTUC FAIRPRICE CO-OPERATIVE LTD,NTUC FAIRPRICE
NW07277P000,"355 SEMBAWANG WAY, #01-01, S(750355)",379,NTUC FAIRPRICE CO-OPERATIVE LTD,NTUC FAIRPRICE
NW07636K000,"406A SEMBAWANG DRIVE, #01-02 MULTI STOREY CAR PARK, S(751406)",380,COLD STORAGE SINGAPORE (1983) PTE LTD,GIANT
NW08020K000,"70 WOODLANDS AVENUE 7, #01-05 ADMIRALTY MRT STATION, S(738344)",381,COLD STORAGE SINGAPORE (1983) PTE LTD,COLD STORAGE
NW08141P000,"41 SUNSET WAY, #01-01A CLEMENTI ARCADE, S(597071)",382,COLD STORAGE SINGAPORE (1983) PTE LTD,COLD STORAGE
NW08314K000,"930 YISHUN AVENUE 2, #B1-06/07 NORTHPOINT, S(769098)",383,COLD STORAGE SINGAPORE (1983) PTE LTD,COLD STORAGE
NW08385B000,"604 SEMBAWANG ROAD, #B1-25 SEMBAWANG SHOPPING CENTRE, S(758459)",384,COLD STORAGE SINGAPORE (1983) PTE LTD,COLD STORAGE
NW08477X000,"36 HOLLAND DRIVE, #01-03, S(270036)",385,NTUC FAIRPRICE CO-OPERATIVE LTD,NTUC FAIRPRICE
NW09331A000,"23 MANDAI ESTATE, #01-21, S(729937)",386,AJMAL TRADE MART PTE. LTD.,AJMAL TRADE MART
NW09437C000,"468B ADMIRALTY DRIVE, #01-29, S(752468)",387,COLD STORAGE SINGAPORE (1983) PTE LTD,COLD STORAGE
NW10192C000,"49 ADMIRALTY ROAD WEST COCHRANE LODGE II, S(757444)",388,PHAN NEE TRADING LLP,PHAN NEE TRADING 
NW11384E000,"1 WOODLANDS SQUARE, #B1-31/32 CAUSEWAY POINT, S(738099)",389,COLD STORAGE SINGAPORE (1983) PTE LTD,COLD STORAGE
NW11702X000,"200 WOODLANDS INDUSTRIAL PARK E7, #01-30 INTERIM RECREATION PARK, S(757177)",390,SHENG SIONG SUPERMARKET PTE LTD,SHENG SIONG
NW11767E000,"1 WOODLANDS ROAD, #01-07 THE TENNERY, S(677899)",391,SHENG SIONG SUPERMARKET PTE LTD,SHENG SIONG
NW12G73N000,"761 YISHUN STREET 72, #01-348 (#01-348-350-352 AND 354), S(760761)",392,PRIME SUPERMARKET (1996) PTE LTD,PRIME
NW12H40C000,"51 ADMIRALTY ROAD WEST - LODGE 1, S(757443)",393,V SURESH KUMAR,V SURESH KUMAR
NW13005P000,"50 WOODLANDS INDUSTRIAL PARK E4, #01-02 WOODLANDS LODGE ONE, S(757388)",394,BHANDARI INTERNATIONAL PTE. LTD.,BHANDARI INTERNATIONAL
NW13J23J000,"32 MANDAI ESTATE, #01-02, S(729939)",395,BISMILLAH MINIMART PTE. LTD.,BISMILLAH MINIMART
NW13K05E000,"570B WOODLANDS AVENUE 1, #01-06, S(732570)",396,NTUC FAIRPRICE CO-OPERATIVE LTD,NTUC FAIRPRICE
NW14006E000,"190 WOODLANDS INDUSTRIAL PARK E7, S(757178)",397,DE ESPERTO MINIMART PTE. LTD.,de esperto minimart
NW14040B000,"463 SEMBAWANG DRIVE, #01-02 MULTI STOREY CAR PARK, S(750463)",398,FORTUNE SUPERMARKET PTE. LTD.,FORTUNE SUPERMARKET
NW14561E000,"51 NORTH COAST AVENUE, #01-03 NORTH COAST LODGE, S(756992)",399,7SEVEN PTE. LTD.,7SEVEN
NW15186C000,"547 SEGAR ROAD, #01-06 MULTI STOREY CAR PARK, S(670547)",400,SHENG SIONG SUPERMARKET PTE LTD,SHENG SIONG
NW15220L000,"780 WOODLANDS CRESCENT, #01-01 MULTI STOREY CAR PARK, S(730780)",401,FORTUNE SUPERMARKET PTE. LTD.,FORTUNE SUPERMARKET
NW15264K000,"29 BINJAI PARK BINJAI PARK, S(589831)",402,ALTERNATIVE SELECTION PTE. LTD.,RYAN'S GROCERY
NW15295X000,"896 DUNEARN ROAD, #02-01 SIME DARBY CENTRE, S(589472)",403,COLD STORAGE SINGAPORE (1983) PTE LTD,COLD STORAGE
NW15489B000,"2 WOODLANDS SECTOR 2, #01-05 WESTLITE WOODLANDS DORMITORY, S(737723)",404,AJMAL  TRADING GROUP PTE. LTD.,AJMAL TRADING GROUP
NW16252K000,"460 MANDAI ROAD LEVEL 1, S(729760)",405,GOWRI'S GLOBAL MARKETING PTE. LTD.,GOWRI'S GLOBAL MARKETING
NW16388B000,"18 YISHUN AVENUE 9, #02-06/10 JUNCTION NINE, S(768897)",406,SHENG SIONG SUPERMARKET PTE LTD,SHENG SIONG
NW16634L000,"205 PETIR ROAD, #01-595, S(670205)",407,HAO MART PTE. LTD.,HAO MART
NW16763X000,"505 CANBERRA LINK, #01-01 MONTREAL SPRING, S(750505)",408,HAO MART PTE. LTD.,HAO MART
NW17024A000,"280 WOODLANDS INDUSTRIAL PARK E5, #01-24 HARVEST @ WOODLANDS, S(757322)",409,SUN TRG & CON PTE. LTD.,-
NW17069X000,"17 PETIR ROAD, #B2-03 HILLION MALL, S(678278)",410,SONG FISH DEALER PTE LTD,THE SEAFOOD MARKET PLACE BY SONG FISH
NW17097K000,"17 PETIR ROAD, #B2-67 HILLION MALL, S(678278)",411,NTUC FAIRPRICE CO-OPERATIVE LTD,NTUC FAIRPRICE
NW17277E000,"280 WOODLANDS INDUSTRIAL PARK E5 (PART OF), #01-47 HARVEST @ WOODLANDS, S(757322)",412,BHANDARI INTERNATIONAL PTE. LTD.,BHANDARI INTERNATIONAL
NW17310P000,"930 YISHUN AVENUE 2, #B1-05 NORTHPOINT SHOPPING CENTRE, S(769098)",413,SONG FISH DEALER PTE LTD,THE SEAFOOD MARKET PLACE BY SONG FISH
NW17421C000,"446 FAJAR ROAD, #01-01, S(670446)",414,SHENG SIONG SUPERMARKET PTE LTD,SHENG SIONG
NW17699N000,"10 WOODLANDS INDUSTRIAL PARK E1, S(757733)",415,CUTECH GREEN VENTURES PTE. LTD.,GREEN VENTURES
NW17734V000,"4 WOODLANDS STREET 12, #02-61, S(738623)",416,SHENG SIONG SUPERMARKET PTE LTD,SHENG SIONG
NW17872B000,"1 NORTHPOINT DRIVE, #B2-103 NORTHPOINT CITY, S(768019)",417,NTUC FAIRPRICE CO-OPERATIVE LTD,NTUC FAIRPRICE
NW17908L000,"676 WOODLANDS DRIVE 71, #B1-02, S(730676)",418,NTUC FAIRPRICE CO-OPERATIVE LTD,NTUC FAIRPRICE
NW18091N000,"29A GHIM MOH LINK, #01-01, S(271029)",420,NTUC FAIRPRICE CO-OPERATIVE LTD,NTUC FAIRPRICE
NW18192E000,"598 YISHUN RING ROAD, #01-01 WISTERIA MALL, S(768698)",421,NTUC FAIRPRICE CO-OPERATIVE LTD,FAIRPRICE FINEST
NW18310J000,"676 WOODLANDS DRIVE 71, #01-04, S(730676)",422,SONG FISH DEALER PTE LTD,TASTY FARM
NW18478E000,"675 YISHUN AVENUE 4, #01-10, S(760675)",423,SHENG SIONG SUPERMARKET PTE LTD,SHENG SIONG
NW18649C000,"785E WOODLANDS RISE, #01-01, S(735785)",424,SHENG SIONG SUPERMARKET PTE LTD,SHENG SIONG
NW18677X000,"317 YISHUN AVENUE 9, #01-04 YISHUN GREENWALK, S(760317)",425,SMART99 PTE. LTD.,SMART99
NW18778K000,"573 WOODLANDS DRIVE 16, #02-01, S(730573)",426,SHENG SIONG SUPERMARKET PTE LTD,SHENG SIONG
NW18A75V000,"260 ANG MO KIO STREET 21, #01-05 MULTI STOREY CAR PARK, S(560260)",427,ANG MO SUPERMARKET PTE LTD,-
NW18B29C000,"120 CANBERRA CRESCENT, #01-10 MULTI STOREY CAR PARK, S(750120)",428,ANG MO SUPERMARKET PTE LTD,ANG MO SUPERMARKET
NW19066J000,"11 KRANJI CLOSE, #01-17/18, S(737673)",429,RAJ AGRO TRADING PTE. LTD.,RAJ AGRO TRADING 
NW19111K000,"11 KRANJI CLOSE, #01-02/03, S(737673)",430,AJMAL  TRADING GROUP PTE. LTD.,AJMAL TRADING GROUP
NW19252J000,"461 YISHUN AVENUE 6, #01-01 MULTI STOREY CAR PARK, S(760461)",431,PRIME SUPERMARKET (1996) PTE LTD,PRIME FOOD & GROCER
NW19637C000,"443C FAJAR ROAD, #01-70 FAJAR HILLS, S(673443)",432,YEO WHOLESALE AND TRADING PTE. LTD.,YEO EXPRESS
S02021B000,"510 BISHAN STREET 13, #01-520, S(570510)",433,NTUC FAIRPRICE CO-OPERATIVE LTD,NTUC FAIRPRICE
S02023V000,"9 BISHAN PLACE, #B1-20 JUNCTION 8 SHOPPING CENTRE, S(579837)",434,NTUC FAIRPRICE CO-OPERATIVE LTD,FAIRPRICE FINEST
S02024X000,"205 HOUGANG STREET 21, #01-133 HEARTLAND MALL- KOVAN (SUPERMARKET), S(530205)",435,COLD STORAGE SINGAPORE (1983) PTE LTD,COLD STORAGE
S02025P000,"6 HOUGANG AVENUE 3, #01-82, S(530006)",436,LIM KING CHEW,CHIN GUAN HIN MINIMART
S02026N000,"90 HOUGANG AVENUE 10, #B1-07 HOUGANG MALL, S(538766)",437,NTUC FAIRPRICE CO-OPERATIVE LTD,NTUC FAIRPRICE
S02027L000,"682 HOUGANG AVENUE 4, #01-310, S(530682)",438,NTUC FAIRPRICE CO-OPERATIVE LTD,NTUC FAIRPRICE
S02028K000,"202 HOUGANG STREET 21, #01-00, S(530202)",439,NTUC FAIRPRICE CO-OPERATIVE LTD,NTUC FAIRPRICE
S02029J000,"1 HOUGANG STREET 91, #02-01 HOUGANG POINT, S(538692)",440,NTUC FAIRPRICE CO-OPERATIVE LTD,NTUC FAIRPRICE
S02031V000,"309 HOUGANG AVENUE 5, #01-293, S(530309)",441,TAN CHUAN BOON,CHOP AH TAT MINI SUPERMARKET
S02033P000,"440 PASIR RIS DRIVE 4, #01-01, S(510440)",442,COLD STORAGE SINGAPORE (1983) PTE LTD,COLD STORAGE
S02034N000,"1 PASIR RIS CENTRAL STREET 3, #B1-10, S(518457)",443,NTUC FAIRPRICE CO-OPERATIVE LTD,NTUC FAIRPRICE
S02036K000,"9 TAMPINES STREET 32, #01-30, S(529286)",444,COLD STORAGE SINGAPORE (1983) PTE LTD,GIANT SUPERMARKET
S02037J000,"201B TAMPINES STREET 21, #01-1091, S(522201)",445,ONE SUPERMARKET PTE. LTD.,ONE SUPERMARKET
S02038E000,"829 TAMPINES STREET 81, #01-284/8, S(520829)",446,COLD STORAGE SINGAPORE (1983) PTE LTD,GIANT
S02039C000,"4 TAMPINES CENTRAL 5, #B1-12 TAMPINES MALL, S(529510)",447,NTUC FAIRPRICE CO-OPERATIVE LTD,NTUC FAIRPRICE
S02040X000,"823 TAMPINES STREET 81, #01-160, S(520823)",448,PRIME SUPERMARKET LIMITED,prime supermarket
S02041P000,"2 TAMPINES CENTRAL 5 CENTURY SQUARE, S(529509)",449,PRIME SUPERMARKET (1996) PTE LTD,Prime Food & Grocer
S02048B000,"739A BEDOK RESERVOIR ROAD, #01-01 MULTI STOREY CAR PARK, S(471739)",450,SHENG SIONG SUPERMARKET PTE LTD,SHENG SIONG 1 STATION MARKET
S02049A000,"745 BEDOK RESERVOIR ROAD, #01-3015, S(470745)",451,NTUC FAIRPRICE CO-OPERATIVE LTD,NTUC FAIRPRICE
S02051L000,"192 LORONG 4 TOA PAYOH, #01-672, S(310192)",452,NTUC FAIRPRICE CO-OPERATIVE LTD,NTUC FAIRPRICE
SCE19020X000,"2 ORCHARD TURN ION ORCHARD, S(238801)",478,COLD STORAGE SINGAPORE (1983) PTE LTD,Jasons Deli By Cold Storage
SCE20024E000,"1 KIM SENG PROMENADE GREAT WORLD CITY, S(237994)",479,RYAN'S GROCERY (GWC) PTE. LTD.,Ryan's Grocery
SCE20032E000,"2 SERANGOON ROAD TEKKA PLACE, S(218227)",480,NTUC FAIRPRICE CO-OPERATIVE LTD,NTUC FAIRPRICE
SE04012L000,"2 JOO CHIAT ROAD, #01-1139 JOO CHIAT COMPLEX, S(420002)",481,NTUC FAIRPRICE CO-OPERATIVE LTD,NTUC FAIRPRICE
SE04040C000,"1 UPPER ALJUNIED LANE, #01-01, S(360001)",482,PRIME SUPERMARKET LIMITED,PRIME SUPERMARKET
SE04069A000,"209 NEW UPPER CHANGI ROAD, #01-631, S(460209)",483,SHENG SIONG SUPERMARKET PTE LTD,SHENG SIONG
SE04109X000,"89 BEDOK NORTH STREET 4, #01-107, S(460089)",484,MCP FAIRMART PTE. LTD.,MCP FAIRMART
SE04130B000,"41 JALAN TIGA, #01-05, S(390041)",485,NTUC FAIRPRICE CO-OPERATIVE LTD,NTUC FAIRPRICE
SE05117K000,"253 SERANGOON CENTRAL DRIVE, #01-241, S(550253)",486,TEO BOBBY,NTUC FAIRPRICE
SE06112L000,"15 SIGLAP ROAD, #01-01 MANDARIN GARDENS, S(448912)",487,HAO MART PTE. LTD.,HAO MART
SE06125B000,"54 BAYSHORE ROAD, #01-07-08 BAYSHORE PARK, S(469979)",488,HAO MART PTE. LTD.,HAO MART
SE06465L000,"387 UPPER ALJUNIED ROAD, S(367872)",489,TAN PAK NANG,sing hiong market bakery
S02052K000,"475 TAMPINES STREET 44, #01-145, S(520475)",453,NTUC FAIRPRICE CO-OPERATIVE LTD,NTUC FAIRPRICE
S02053J000,"107 TAMPINES STREET 11, #01-353/9, S(521107)",454,NTUC FAIRPRICE CO-OPERATIVE LTD,NTUC FAIRPRICE
S02054E000,"11 RIVERVALE CRESCENT, #03-01 RIVERVALE MALL, S(545082)",455,NTUC FAIRPRICE CO-OPERATIVE LTD,NTUC FAIRPRICE
S02055C000,"118 RIVERVALE DRIVE, #01-08 RIVERVALE PLAZA, S(540118)",456,NTUC FAIRPRICE CO-OPERATIVE LTD,NTUC FAIRPRICE
S02056B000,"301 UPPER THOMSON ROAD, #03-25 THOMSON PLAZA, S(574408)",457,NTUC FAIRPRICE CO-OPERATIVE LTD,FINEST
S02057A000,"181 LORONG 4 TOA PAYOH, #01-602, S(310181)",458,COLD STORAGE SINGAPORE (1983) PTE LTD,Giant Super
S02058V000,"200 UPPER THOMSON ROAD, #B1-01 THOMSON IMPERIAL COURT, S(574424)",459,SHENG SIONG SUPERMARKET PTE LTD,SHENG SIONG
S02059X000,"106 HOUGANG AVENUE 1, #01-1213, S(530106)",460,PRIME SUPERMARKET (1996) PTE LTD,prime supermarket
S02103A000,"500 LORONG 6 TOA PAYOH HDB HUB, S(310500)",461,NTUC FAIRPRICE CO-OPERATIVE LTD,NTUC FAIRPRICE
S02127E000,"108 PUNGGOL FIELD, #01-02, S(820108)",462,PRIME SUPERMARKET LIMITED,PRIME SUPERMARKET
S02151E000,"263 COMPASSVALE STREET, #01-01, S(540263)",463,PRIME SUPERMARKET LIMITED,PRIME
S02169J000,"525 ANG MO KIO AVENUE 10, #01-2401, S(560525)",464,COLD STORAGE SINGAPORE (1983) PTE LTD,GIANT
S02185J000,"982 BUANGKOK CRESCENT, #01-01, S(530982)",465,COLD STORAGE SINGAPORE (1983) PTE LTD,GIANT
S02204N000,"260 KIM KEAT AVENUE, #01-01, S(310260)",466,COLD STORAGE SINGAPORE (1983) PTE LTD,GIANT super
S02210X000,"631 BEDOK RESERVOIR ROAD, #01-954, S(470631)",467,COLD STORAGE SINGAPORE (1983) PTE LTD,GIANT EXPRESS
S91085V000,"110 LENGKONG TIGA, #01-233/5, S(410110)",468,NTUC FAIRPRICE CO-OPERATIVE LTD,NTUC FAIRPRICE
S93171X000,"642 HOUGANG AVENUE 8, #01-197, S(530642)",469,ANG MO SUPERMARKET PTE LTD,ang mo supermarket
S94081C000,"279 BISHAN STREET 24, #01-62/64, S(570279)",470,NTUC FAIRPRICE CO-OPERATIVE LTD,NTUC FAIRPRICE
S97079B000,"4 LORONG 7 TOA PAYOH, #01-107, S(310004)",471,SHENG SIONG SUPERMARKET PTE LTD,SHENG SIONG
S97166P000,"21 HOUGANG STREET 51, #01-52 HOUGANG GREEN SHOPPING MALL, S(538719)",472,COLD STORAGE SINGAPORE (1983) PTE LTD,COLD STORAGE
S98084K000,"734 PASIR RIS STREET 72, #01-37 (PASIR RIS 734 NEW MARKET), S(510734)",473,NTUC FAIRPRICE CO-OPERATIVE LTD,NTUC FAIRPRICE
SCE19004X000,"88 DESKER ROAD, S(209610)",474,MURUGAN TRADERS PTE. LTD.,MURUGAN TRADERS
SCE19007L000,"13 STAMFORD ROAD CAPITOL PIAZZA, S(178905)",475,HAO MART PTE. LTD.,HAO MART
SCE19016K000,"225 LAVENDER STREET (FIRST STOREY), S(338776)",476,THE IRON GROCER PTE. LTD.,The Iron Grocer
SCE19018E000,"10 CLAYMORE HILL AMERICAN CLUB (PART-OF), S(229573)",477,"American Club, The",The Gourmet Pantry
SE06616X000,"212 LORONG 8 TOA PAYOH, #01-43/45, S(310212)",490,LIN POH LING,Hoe Kee Huat Supermarket
SE07216L000,"5 STADIUM WALK, #B1-01 LEISURE PARK, S(397693)",491,COLD STORAGE SINGAPORE (1983) PTE LTD,COLD STORAGE
SE07559P000,"65 AIRPORT BOULEVARD, #B2-10 CHANGI AIRPORT TERMINAL 3, S(819663)",492,NTUC FAIRPRICE CO-OPERATIVE LTD,NTUC FAIRPRICE
SE09608P000,"56 MARINE TERRACE, #01-259, S(440056)",493,COLD STORAGE SINGAPORE (1983) PTE LTD,COLD STORAGE
SE09706N000,"5 EUNOS CRESCENT, #01-2619, S(400005)",494,NTUC FAIRPRICE CO-OPERATIVE LTD,-
SE10553J000,"80 MARINE PARADE ROAD, #B1-83A PARKWAY PARADE, S(449269)",495,FOUR SEASONS ORGANIC MARKET PTE. LTD.,FOUR SEASONS ORGANIC MARKET
SE10564B000,"23 SERANGOON CENTRAL, #03-42 NEX, S(556083)",496,NTUC FAIRPRICE CO-OPERATIVE LTD,NTUC FAIRPRICE
SE10579K000,"23 SERANGOON CENTRAL, #B2-44/45 NEX, S(556083)",497,COLD STORAGE SINGAPORE (1983) PTE LTD,COLD STORAGE
SE11071C000,"89 BEDOK NORTH STREET 4, #01-77/79, S(460089)",498,NTUC FAIRPRICE CO-OPERATIVE LTD,NTUC FAIRPRICE
SE11136C000,"498/500 GEYLANG ROAD GREEN COURT, S(389456)",499,I-TEC SUPERMART PTE LTD,I-TEC SUPERMART
SE11317V000,"1 GEYLANG SERAI, #01-198, S(402001)",500,EN FROZEN PTE LTD,EN FROZEN 
SE11505P000,"291 JOO CHIAT ROAD, #01-01, S(427543)",501,COLD STORAGE SINGAPORE (1983) PTE LTD,COLD STORAGE
SE11577E000,"612-620 GEYLANG ROAD, S(389551)",502,NTUC FAIRPRICE CO-OPERATIVE LTD,NTUC FAIRPRICE
SE11799C000,"80 TANAH MERAH COAST ROAD CHANGI LODGE 2, S(498820)",503,CP MANAGEMENT SERVICES PRIVATE LIMITED,ULTRAMART
SE11930L000,"112 EAST COAST ROAD, #B1-12 112 KATONG, S(428802)",504,COLD STORAGE SINGAPORE (1983) PTE LTD,market place
SE11947P000,"5 CHANGI BUSINESS PARK CENTRAL 1, #B1-08/11 CHANGI CITY POINT, S(486038)",505,NTUC FAIRPRICE CO-OPERATIVE LTD,FAIRPRICE FINEST
SE11D22K000,"5 CHANGI BUSINESS PARK CENTRAL 1 CHANGI CITY POINT, S(486038)",506,WATER TIGER INVESTMENTS PTE. LTD.,Mmmm!
SE12D97J000,"201 TELOK KURAU ROAD, #01-05, S(423910)",507,THE ALASKA GUYS PTE. LTD.,THE ALASKA GUYS
SE12F88V000,"91 UPPER PAYA LEBAR ROAD, S(534821)",508,SARATHI STORES PTE LTD,SARATHI STORE
SE12G19X000,"8 CHANGI BUSINESS PARK AVENUE 1 UE BIZHUB EAST #01-51 & #02-51, S(486018)",509,NTUC FAIRPRICE CO-OPERATIVE LTD,NTUC FAIRPRICE
SE13135L000,"311 NEW UPPER CHANGI ROAD, #B2-60 BEDOK MALL, S(467360)",510,NTUC FAIRPRICE CO-OPERATIVE LTD,NTUC FAIRPRICE
SE13S71X000,"57 NEW UPPER CHANGI ROAD, #01-1334, S(461057)",511,NTUC FAIRPRICE CO-OPERATIVE LTD,NTUC FAIRPRICE
SE13S89V000,"2 FIRST STREET, #01-05-16 SIGLAP V, S(458278)",512,COLD STORAGE SINGAPORE (1983) PTE LTD,COLD STORAGE
SE13U91V000,"30 EAST COAST ROAD, #01-06-09 VILLAGE HOTEL KATONG, S(428751)",513,NTUC FAIRPRICE CO-OPERATIVE LTD,NTUC FAIRPRICE
SE14377P000,"430 UPPER CHANGI ROAD, #01-47 EAST VILLAGE, S(487048)",514,COLD STORAGE SINGAPORE (1983) PTE LTD,COLD STORAGE
SE14441L000,"6 POTONG PASIR AVENUE 2, #01-01 POTONG PASIR COMMUNITY CENTRE, S(358361)",515,NTUC FAIRPRICE CO-OPERATIVE LTD,NTUC FAIRPRICE
SE14467N000,"1 STADIUM PLACE, #01-29 KALLANG WAVE MALL, S(397628)",516,NTUC FAIRPRICE CO-OPERATIVE LTD,NTUC FAIRPRICE
SE14775X000,"3 SIMEI STREET 6, #05-01 EASTPOINT MALL, S(528833)",517,NTUC FAIRPRICE CO-OPERATIVE LTD,NTUC FAIRPRICE
SE14875L000,"11 TANJONG KATONG ROAD KINEX, S(437157)",518,HAO MART PTE. LTD.,HAO MART
SE14965K000,"342 TANJONG KATONG ROAD, S(437112)",519,MEAT COLLECTIVE SINGAPORE PRIVATE LIMITED,Meat Collective
SE14A83A000,"60 PAYA LEBAR ROAD, #B1-01-05 PAYA LEBAR SQUARE, S(409051)",520,COLD STORAGE SINGAPORE (1983) PTE LTD,COLD STORAGE
SE14C27C000,"1B FIGARO STREET OPERA ESTATE, S(458322)",521,SWISS-BAKE PTE. LTD.,Zac Butchery
SE15043B000,"313 TANJONG KATONG ROAD, S(437096)",522,FOODIE MARKET PLACE PTE. LTD.,FOODIE MARKET PLACE
SE15464L000,"599 GEYLANG ROAD, #01-01, S(389538)",523,ABEDIN TRADING PTE. LTD.,ABEDIN MINIMART
SE16122V000,"401 MACPHERSON ROAD, #02-22/29 MACPHERSON MALL, S(368125)",524,NTUC FAIRPRICE CO-OPERATIVE LTD,NTUC FAIRPRICE
SE16233J000,"18B CIRCUIT ROAD, #01-260 MACPHERSON RESIDENCY, S(372018)",525,SHENG SIONG SUPERMARKET PTE LTD,SHENG SIONG
SE16607K000,"750 CHAI CHEE ROAD, #01-10 VIVA BUSINESS PARK, S(469000)",526,L M MEAT PTE. LTD.,MMMM! CHAI CHEE
SE17082P000,"18 TAI SENG STREET, #B1-13, S(539775)",527,NTUC FAIRPRICE CO-OPERATIVE LTD,NTUC FAIRPRICE
SE17345J000,"31A TANAH MERAH COAST ROAD, #01-01, S(498720)",528,JSJ CORPORATION PTE. LTD.,JSJ MINIMART
SE17401C000,"18 BEDOK SOUTH ROAD, #01-67, S(460018)",529,"TANG KER AN, TIMOTHY",TIM'S FROZEN
SE17481P000,"10 EUNOS ROAD 8, #B1-101 SINGAPORE POST CENTRE, S(408600)",530,NTUC FAIRPRICE CO-OPERATIVE LTD,NTUC FAIRPRICE
SE17500A000,"69 BEDOK SOUTH AVENUE 3, #01-484, S(460069)",531,HAO MART PTE. LTD.,HAO MART
SE18169X000,"11 TANJONG KATONG ROAD, #B1-15 ONE KM, S(437157)",532,SONG FISH DEALER PTE LTD,TASTY FARM
SE18184V000,"448/450 GEYLANG ROAD, S(389407)",533,HAO MART PTE. LTD.,HAO MART
SE18544L000,"330 TANJONG KATONG ROAD, S(437106)",534,JMD RETAIL PTE. LTD.,JMD RETAIL
SE18A90N000,"379 GUILLEMARD ROAD, #01-00, S(399783)",535,PINTO EXPRESS LLP,THAI SUPERMARKET
SE19104A000,"78 AIRPORT BOULEVARD, #B2-205, S(819666)",536,NTUC FAIRPRICE CO-OPERATIVE LTD,FAIRPRICE FINEST
SE19557P000,"10 PAYA LEBAR ROAD, #B2-11, S(409057)",537,SONG FISH DEALER PTE LTD,THE SEAFOOD MARKET PLACE BY SONG FISH
SE19562A000,"10 PAYA LEBAR ROAD, #B2-09, S(409057)",538,NTUC FAIRPRICE CO-OPERATIVE LTD,NTUC FAIRPRICE
SNE19006A000,"602A TAMPINES AVENUE 9, S(521602)",539,SHENG SIONG SUPERMARKET PTE LTD,SHENG SIONG
SNE19019L000,"322 SUMANG WALK MULTI STOREY CAR PARK, S(820322)",540,PRIME SUPERMARKET (1996) PTE LTD,Prime Supermarket
SNE20031P000,"829 TAMPINES STREET 81 TAMPINES GROVE, S(520829)",541,U STARS SUPERMARKET PTE. LTD.,U Stars Supermarket
SNE20033L000,"476 UPPER SERANGOON VIEW HOUGANG CAPEVIEW, S(530476)",542,DANISHA TRADING PTE. LTD.,DANISHA TRADING
SNE20045C000,"39 LOWLAND ROAD LOWLAND GARDEN, S(547441)",543,CLEMENTS FOODCELLAR PTE. LTD.,The Foodcellar
SNW19005L000,"182 WOODLANDS STREET 13 MULTI STOREY CAR PARK, S(730182)",544,SHENG SIONG SUPERMARKET PTE LTD,SHENG SIONG
SNW19010X000,"365 SEMBAWANG CRESCENT, #01-01, S(750365)",545,PRIME SUPERMARKET (1996) PTE LTD,Prime Supermarket
SNW19014K000,"17 DAIRY FARM ROAD THE DAIRY FARM ESTATE, S(679043)",546,EUM PRIVATE LIMITED,ZENMART
SNW19021L000,"202 MARSILING DRIVE, S(730202)",547,SHENG SIONG SUPERMARKET PTE LTD,SHENG SIONG
SNW20023C000,"361 SEMBAWANG CRESCENT MULTI STOREY CAR PARK, S(750361)",548,ANG MO SUPERMARKET PTE LTD,ANY MO SUPERMARKET
SNW20026V000,"6 MANDAI LINK CMM Marketing Management Pte Ltd, S(728652)",549,SHENG SIONG SUPERMARKET PTE LTD,Sheng Siong Training Supermarket
SNW20038L000,"693 WOODLANDS AVENUE 6 MULTI STOREY CAR PARK, S(730693)",550,ANG MO SUPERMARKET PTE LTD,ANY MO SUPERMARKET
SSE19017X000,"447 CHANGI ROAD, S(419875)",551,7MALL.SHOP PTE. LTD.,7mall.shop
SSE20037E000,"693 EAST COAST ROAD FRANKEL ESTATE, S(459058)",552,AL FORNO (EAST COAST) PTE LTD,al forno
SSE20041N000,"184 EAST COAST ROAD, S(428890)",553,SUN RUI,Ever+
SSW19008P000,"18 SUNGEI KADUT STREET 2 SUNGEI KADUT INDUSTRIAL ESTATE, S(729236)",554,S POWER GLOBAL PTE. LTD.,S Power Supermart
SSW19009N000,"129 TUAS VIEW SQUARE, S(637741)",555,DHAKA SUPERMARKET,DHAKA SUPERMARKET
SSW19022V000,"50 JURONG GATEWAY ROAD JEM, S(608549)",556,PAN PACIFIC RETAIL MANAGEMENT (SINGAPORE) PTE. LTD.,DON DON DONKI
SW04097K000,"159 BUKIT BATOK STREET 11, #01-178, S(650159)",557,PRIME SUPERMARKET LIMITED,Prime supermarket
SW04158X000,"108 DEPOT ROAD, #01-01 DEPOT HEIGHTS SHOPPING CENTRE, S(100108)",558,NTUC FAIRPRICE CO-OPERATIVE LTD,NTUC FAIRPRICE
SW05008N000,"638 JURONG WEST STREET 61, #03-01 PIONEER MALL, S(640638)",559,COLD STORAGE SINGAPORE (1983) PTE LTD,GIANT
SW05051J000,"720 CLEMENTI WEST STREET 2, #01-144, S(120720)",560,SHENG SIONG SUPERMARKET PTE LTD,SHENG SIONG
SW06002X000,"19 TOH GUAN ROAD EAST, #01-65, S(608568)",561,TOH GUAN MINI MART PTE. LTD.,TOH GUAN MINIMART
SW06322N000,"395A BUKIT BATOK WEST AVENUE 5, #03-10 MULTI STOREY CAR PARK, S(651395)",562,OH BENG GUAN,-
SW06590A000,"1 HARBOURFRONT WALK, #01-23 VIVOCITY, S(098585)",563,NTUC FAIRPRICE CO-OPERATIVE LTD,FAIRPRICE XTRA
SW06806E000,"17 LORONG KILAT, #01-02 KILAT COURT, S(598139)",564,LOTTE MART PTE. LTD.,LOTTE KOREAN MART
SW07070J000,"284 BUKIT BATOK EAST AVENUE 3, #01-251, S(650284)",565,COLD STORAGE SINGAPORE (1983) PTE LTD,GIANT
SW07209E000,"7 JURONG WEST AVENUE 5, S(649486)",566,SHENG SIONG SUPERMARKET PTE LTD,SHENG SIONG
SW07331C000,"352 CLEMENTI AVENUE 2, #01-91&99, S(120352)",567,SHENG SIONG SUPERMARKET PTE LTD,SHENG SIONG
SW07481A000,"28 DOVER CRESCENT, #01-83 MULTI STOREY CAR PARK, S(130028)",568,NTUC FAIRPRICE CO-OPERATIVE LTD,NTUC FAIRPRICE
SW07E27X000,"30 PENJURU PLACE, #01-06/07, S(608557)",569,KINGSMART PTE. LTD.,kingsmart
SW08807K000,"154 WEST COAST ROAD #B1-19 WEST COAST PLAZA, S(127371)",570,COLD STORAGE SINGAPORE (1983) PTE LTD,coldstorage
SW08821N000,"140 TECK WHYE LANE, #01-351, S(680140)",571,NTUC FAIRPRICE CO-OPERATIVE LTD,NTUC FAIRPRICE
SW08907C000,"555 UPPER JURONG ROAD, #01-02, S(638368)",572,GOWRI'S GLOBAL MARKETING PTE. LTD.,GOWRI'S GLOBAL MARKETING
SW08A55C000,"51 SOON LEE ROAD, #01-51A, S(628088)",573,CHD @ SOON LEE PTE. LTD.,CHD @ SOON LEE
SW08A59X000,"63 JURONG WEST CENTRAL 3 #03-01 JURONG POINT SHOPPING CENTRE, S(648331)",574,NTUC FAIRPRICE CO-OPERATIVE LTD,NTUC FAIRPRICE
SW09032C000,"21 CHOA CHU KANG NORTH 6, #B1-01-07 YEW TEE POINT, S(689578)",575,NTUC FAIRPRICE CO-OPERATIVE LTD,NTUC FAIRPRICE
SW09133X000,"503 JURONG WEST AVENUE 1, #01-847, S(640503)",576,LOCH GROCER PTE. LTD.,LOCH GROCER
SW09285K000,"61 CHOA CHU KANG DRIVE, #01-01 YEW TEE MRT STATION, S(689715)",577,NTUC FAIRPRICE CO-OPERATIVE LTD,FAIRPRICE FINEST
SW09288C000,"14 TECH PARK CRESCENT, #01-02, S(638118)",578,SADIA SUPERMARKET & TRADING (S) PTE. LTD.,SADIA SUPERMARKET & TRADING 
SW09426V000,"2D JALAN PAPAN, #01-04, S(619415)",579,PHANG NEE ENTERPRISE PTE. LTD.,phang nee
SW09752V000,"5 TECH PARK CRESCENT, #01-02, S(638127)",580,LAMIAH ENTERPRISE PTE. LTD.,-
SW10780J000,"32 TUAS VIEW SQUARE, #01-02, S(637778)",581,SHARBESUWARY PTE. LTD.,SHARBESUWARY EXPRESS MART
SW10A16E000,"3155 COMMONWEALTH AVENUE WEST #B1-12/13/14 THE CLEMENTI MALL, S(129588)",582,NTUC FAIRPRICE CO-OPERATIVE LTD,FAIRPRICE FINEST
SW11146X000,"15 JALAN TEPONG, #03-02 (PART OF - LEFT SUB-UNIT), JURONG FOOD HUB, S(619336)",583,YS LOGISTICS (S) PTE. LTD.,YS LOGISTICS (S) 
SW11423N000,"18 TECK WHYE LANE, #01-95, S(680018)",584,SHENG SIONG SUPERMARKET PTE LTD,SHENG SIONG
SW11452C000,"78A TELOK BLANGAH STREET 32, #01-01 MULTI STOREY CAR PARK, S(101078)",585,NTUC FAIRPRICE CO-OPERATIVE LTD,NTUC FAIRPRICE
SW11512N000,"23 PENJURU WALK, #03-81 CASSIA@PENJURU, S(608537)",586,KEK HONG HENG,KOLEE SUPERMARKETS
SW11A26P000,"460 ALEXANDRA ROAD #01-09 & #01-16 PSA BLDG, ALEXANDRA RETAIL CENTRE, S(119963)",587,NTUC FAIRPRICE CO-OPERATIVE LTD,NTUC FAIRPRICE
SW12C98J000,"2 JURONG EAST CENTRAL 1 JCUBE, S(609731)",588,PAN PACIFIC RETAIL MANAGEMENT (SINGAPORE) PTE. LTD.,DON DON DONKI
SW12F58E000,"352 CLEMENTI AVENUE 2, #01-141 CLEMENTI AVENUE 2 SHOPPING CENTRE, S(120352)",589,NTUC FAIRPRICE CO-OPERATIVE LTD,NTUC FAIRPRICE
SW12G70J000,"101 CLEMENTI ROAD, #01-01 KENT VALE ESTATE, NUS, S(129787)",590,COLD STORAGE SINGAPORE (1983) PTE LTD,COLD STORAGE
SW12G71E000,"1 COVE AVENUE #02-07/08/09/10 SENTOSA COVE ARRIVAL PLAZA, S(098537)",591,COLD STORAGE SINGAPORE (1983) PTE LTD,COLD STORAGE
SW12H20A000,"498 JURONG WEST STREET 41 #01-434/436/438, S(640498)",592,NTUC FAIRPRICE CO-OPERATIVE LTD,NTUC FAIRPRICE
SW12J94X000,"1 VISTA EXCHANGE GREEN, #B1-28 THE STAR VISTA, S(138617)",593,TANESEI TRADING PTE. LTD.,J MART
SW12J97L000,"1 VISTA EXCHANGE GREEN #B1-35/36 AND 02 THE STAR VISTA, S(138617)",594,COLD STORAGE SINGAPORE (1983) PTE LTD,COLD STORAGE
SW12L48X000,"12 KRANJI ROAD 1ST STOREY, LODGE 1 WORKERS' DORMITORY, S(739522)",595,AJMAL TRADE MART PTE. LTD.,AJMAL TRADE MART
SW12M64L000,"25 GHIM MOH LINK, #01-11, S(270025)",596,SHENG SIONG SUPERMARKET PTE LTD,SHENG SIONG
SW12M67E000,"420A CLEMENTI AVENUE 1, #01-01, S(121420)",597,SHENG SIONG SUPERMARKET PTE LTD,SHENG SIONG
SW12N25V000,"31 OCEAN WAY, #01-26/27 QUAYSIDE ISLE, SENTOSA, S(098375)",598,COLD STORAGE SINGAPORE (1983) PTE LTD,COLD STORAGE
SW12O05A000,"502 WEST COAST DRIVE, #01-41, S(120502)",599,NTUC FAIRPRICE CO-OPERATIVE LTD,NTUC FAIRPRICE
SW13245V000,"1 LOWER KENT RIDGE ROAD, #02-16 ONE@KENTRIDGE, S(119082)",600,NTUC FAIRPRICE CO-OPERATIVE LTD,NTUC FAIRPRICE
SW13368A000,"154 WEST COAST ROAD, #B1-14 WEST COAST PLAZA, S(127371)",601,L M MEAT PTE. LTD.,Mmmm ! WEST COAST PLAZA
SW13Q24X000,"280 BUKIT BATOK EAST AVENUE 3, #01-315, S(650280)",602,NTUC FAIRPRICE CO-OPERATIVE LTD,NTUC FAIRPRICE
SW13T12J000,"50 JURONG GATEWAY ROAD, #B1-21/22 JEM, S(608549)",603,NTUC FAIRPRICE CO-OPERATIVE LTD,FAIRPRICE XTRA
SW13W88P000,"3 GATEWAY DRIVE, #B2-01 WESTGATE, S(608532)",604,ISETAN (SINGAPORE) LIMITED,ISETAN SUPERMARKET
SW14017K000,"18 TOH GUAN ROAD EAST, #02-02 BLK 28, WESTLITE DORMITORY (TOH GUAN), S(608596)",605,SHAFEN SUPERMARKET & TRADING (S) PTE. LTD.,SHAFEN SUPERMARKET & TRADING 
SW14484J000,"48 TOH GUAN ROAD EAST ENTERPRISE HUB, S(608586)",606,SRI MURUGAN TRADING PTE. LTD.,SRI MURUGAN TRADING
SW14542A000,"4 HILLVIEW RISE, #02-07 HILLV2, S(667979)",607,COLD STORAGE SINGAPORE (1983) PTE LTD,HILLVIEW MARKET PLACE
SW14633X000,"2 BUKIT BATOK WEST AVENUE 7, #01-10 HomeTeamNS BUKIT BATOK CLUBHOUSE, S(659003)",608,NTUC FAIRPRICE CO-OPERATIVE LTD,NTUC FAIRPRICE
SW14718K000,"70 TUAS SOUTH AVENUE 1 TUAS VIEW DORMITORY, S(637285)",609,AJMAL SUPER MART PTE. LTD.,AJMAL SUPER MART
SW14817E000,"27 PENJURU WALK, #01-24 PENJURU RECREATION CENTRE, S(608538)",610,SHENG SIONG SUPERMARKET PTE LTD,SHENG SIONG
SW14951X000,"1 JOO KOON CIRCLE, #03-21 FAIRPRICE HUB, S(629117)",611,NTUC FAIRPRICE CO-OPERATIVE LTD,WAREHOUSE CLUB
SW14A33P000,"27 PENJURU WALK, #01-08/09 PENJURU RECREATION CENTRE, S(608538)",612,VINAYAK TRADERS PTE. LTD.,VINAYAK TRADERS
SW14A98C000,"27 PENJURU WALK, #01-15 PENJURU RECREATION CENTRE, S(608538)",613,GURU'S MARKETING PTE. LTD.,Gurus Supermarket
SW14B28C000,"115 TUAS VIEW WALK 1 (PART OF- FRONT), FIRST STOREY, WESTLINK TECHPARK, S(637734)",614,SHINVA AGRO FOODS PTE. LTD.,SHINVA AGRO FOODS
SW15051V000,"27 PENJURU WALK, #01-06/07 PENJURU RECREATION CENTRE, S(608538)",615,ARCHANA PROVISION STORES PTE. LTD.,archana
SW15681P000,"21 TUAS VIEW SQUARE (PART OF), S(637640)",616,NPS IMPEX PTE. LTD.,NSP SUPER MART
SW15796X000,"533 CHOA CHU KANG STREET 51, #01-11 LIMBANG SHOPPING CENTRE (HDB), S(680533)",617,NTUC FAIRPRICE CO-OPERATIVE LTD,NTUC FAIRPRICE
SW15968N000,"37 TEBAN GARDENS ROAD #01-304/305/306, S(600037)",618,NTUC FAIRPRICE CO-OPERATIVE LTD,NTUC FAIRPRICE
SW15D03B000,"50 NANYANG AVENUE NORTH SPINE , NTU, S(639798)",619,PRIME SUPERMARKET (1996) PTE LTD,Prime Supermarket
SW16126J000,"6 TUAS SOUTH STREET 15 CDPL (TUAS) DORMITORY, S(636906)",620,TUAS SOUTH MINIMART PTE. LTD.,TUAS SOUTH MINIMART
SW16224E000,"3 TUAS SOUTH STREET 12, #01-16 TUAS SOUTH DORMITORY, S(636947)",621,NAWAS GLOBAL PTE. LTD.,NAWAS GLOBAL
SW16814X000,"1 JALAN PAPAN, #01-33, S(619392)",623,VINAYAK TRADERS PTE. LTD.,VINAYAK TRADERS
SW16815P000,"500 OLD CHOA CHU KANG ROAD, #01-02, S(698928)",624,PHAN NEE INVESTMENTS (S) PTE. LTD.,-
SW16856V000,"1 JALAN PAPAN, #01-29, S(619392)",625,ARCHANA SUPERMARKET PTE. LTD.,ARCHANA SUPERMARKET
SW16901A000,"12 TUAS SOUTH STREET 13, #01-20/21, S(636937)",626,SADIA SUPERMARKET & TRADING (S) PTE. LTD.,SADIA SUPERMARKET & TRADING 
SW16921N000,"1 JALAN PAPAN, #01-35, S(619392)",627,CHENNAI TRADING & SUPERMART PTE. LTD.,CHENNAI TRADING & SUPERMARKET
SW16942C000,"12 TUAS SOUTH STREET 13, #01-18/19, S(636937)",628,POPULAR SUPERMARKET PTE. LTD.,POPULAR SUPERMARKET
SW16B52K000,"5 JALAN PAPAN, #01-32 ASPRI-WESTLITE PAPAN, S(619396)",629,AJMAL  TRADING GROUP PTE. LTD.,AJMAL TRADING GROUP
SW16B85N000,"69R TUAS SOUTH AVENUE 1, #01-02, S(639926)",630,KAVI TRADERS PTE. LTD.,KAVI MINIMART
SW16D52V000,"810 CHOA CHU KANG AVENUE 7, #01-01 MULTI STOREY CAR PARK, S(680810)",631,U STARS PTE. LTD.,U STARS SUPERMARKET
SW16D83E000,"249 JURONG EAST STREET 24, #01-106, S(600249)",632,NTUC FAIRPRICE CO-OPERATIVE LTD,NTUC FAIRPRICE
SW16E98J000,"500 OLD CHOA CHU KANG ROAD, #01-21, S(698924)",633,PHAN NEE INVESTMENTS (S) PTE LTD,PHANNEE SUPERMART
SW16H70N000,"69 TUAS SOUTH AVENUE 1, #01-02 SEATOWN INDUSTRIAL CENTRE, S(637589)",634,MALAR MARKETING PTE. LTD.,MALAR MARKETING
SW17592A000,"50 JURONG GATEWAY ROAD, #B1-43 JEM, S(608549)",635,SONG FISH DEALER PTE LTD,THE SEAFOOD MARKET PLACE BY SONG FISH
SW17728C000,"817 KEAT HONG LINK, #01-14 MULTI STOREY CAR PARK, S(680817)",636,U STARS PTE. LTD.,U STARS MEGAMART
SW17E56V000,"1 FUSIONOPOLIS WAY, #B2-03 CONNEXIS, S(138632)",637,COLD STORAGE SINGAPORE (1983) PTE LTD,COLD STORAGE
SW18581V000,"180 DEPOT ROAD, #01-04 INTERLACE, THE, S(109684)",638,THE QUALITYMART DEPOT PTE. LTD.,THE QUALITYMART DEPOT
SW18715E000,"13 YUK TONG AVENUE CHUN TIN COURT, S(596318)",639,SEOUL BUTCHERY PTE. LTD.,SEOUL BUTCHERY
SW18A30L000,"440 BUKIT BATOK WEST AVENUE 8, #01-10 MULTI STOREY CAR PARK, S(650440)",640,SHENG SIONG SUPERMARKET PTE LTD,SHENG SIONG
SW18A40J000,"35 STUDENTS WALK NTU CANTEEN 2, S(639548)",641,COLD STORAGE SINGAPORE (1983) PTE LTD,GIANT EXPRESS
SW18B79P000,"9 TRACTOR ROAD, S(627970)",642,MURUGAN TRADERS PTE LTD,-
SW18F69X000,"451 BUKIT BATOK WEST AVENUE 6, #01-10 MULTI STOREY CAR PARK, S(650451)",643,SHENG SIONG SUPERMARKET PTE LTD,SHENG SIONG
SW18G66X000,"34 BOON LEAT TERRACE (PART OF), S(119866)",644,HONESTBEE PTE. LTD.,HABITAT BY HONESTBEE
SW19707V000,"14 TUAS AVENUE 1, #01-01 JTC SPACE @ TUAS, S(639499)",645,BALU SUPER MARKET PTE. LTD.,BALU SUPERMARKET
SW19869J000,"292 BUKIT BATOK EAST AVENUE 6, #01-02 MULTI STOREY CAR PARK, S(650292)",646,SHENG SIONG SUPERMARKET PTE LTD,SHENG SIONG
SW19934B000,"1 HARBOURFRONT WALK, #B2-23A VIVO CITY, S(098585)",647,SONG FISH DEALER PTE LTD,THE SEAFOOD MARKET PLACE BY SONG FISH
SW19A15B000,"8 TECH PARK CRESCENT, #01-00, S(638124)",648,NIHI PTE. LTD.,NIHI MINI MART
SW19G50C000,"40 TUAS VIEW SQUARE, #01-03 LANDBASE INDUSTRIAL BUILDING, S(637779)",649,LAMIAH ENTERPRISE PTE. LTD.,LAMIAH MINIMART
W02065N000,"101 THOMSON ROAD, #B1-52 UNITED SQUARE, S(307591)",650,COLD STORAGE SINGAPORE (1983) PTE LTD,COLD STORAGE
W02066L000,"211 HOLLAND AVENUE, #01-05 HOLLAND ROAD SHOPPING CENTRE, S(278967)",651,COLD STORAGE SINGAPORE (1983) PTE LTD,COLD STORAGE
W02068J000,"1 KIM SENG PROMENADE, #B1-18/19 GREAT WORLD CITY, S(237994)",652,COLD STORAGE SINGAPORE (1983) PTE LTD,COLD STORAGE
W02070V000,"290 ORCHARD ROAD, #B1-14/15 THE PARAGON, S(238859)",653,COLD STORAGE SINGAPORE (1983) PTE LTD,COLD STORAGE
W02071X000,"391A ORCHARD ROAD, #B2-01 NGEE ANN CITY TOWER A, S(238873)",654,COLD STORAGE SINGAPORE (1983) PTE LTD,COLD STORAGE
W02072P000,"302 TIONG BAHRU ROAD, #B1-01 TIONG BAHRU PLAZA, S(168732)",655,NTUC FAIRPRICE CO-OPERATIVE LTD,NTUC FAIRPRICE
W02073N000,"163 TANGLIN ROAD, #B1-02/03 TANGLIN MALL, S(247933)",656,COLD STORAGE SINGAPORE (1983) PTE LTD,COLD STORAGE
W02074L000,"238 THOMSON ROAD, #01-29 NOVENA SQUARE, S(307683)",657,COLD STORAGE SINGAPORE (1983) PTE LTD,COLD STORAGE
W02075K000,"230 VICTORIA STREET, #B1-16 BUGIS JUNCTION, S(188024)",658,COLD STORAGE SINGAPORE (1983) PTE LTD,COLD STORAGE
W02076J000,"5 BANDA STREET, #03-92, S(050005)",659,HONG HENG SENG,fish supplier
W02078C000,"350 ORCHARD ROAD, #B1-00 SHAW HOUSE, S(238868)",660,ISETAN (SINGAPORE) LIMITED,ISETAN SUPERMARKET
W02080P000,"252 NORTH BRIDGE ROAD, #B1-01 RAFFLES CITY SHOPPING CENTRE, S(179103)",661,COLD STORAGE SINGAPORE (1983) PTE LTD,Market Place
W02081N000,"5001 BEACH ROAD, #02-64 GOLDEN MILE COMPLEX, S(199588)",662,LOH NYEN YIU,thai supermarket
W02083K000,"166 BUKIT MERAH CENTRAL, #01-3527 02-3531 BUKIT MERAH AREA OFFICE, S(150166)",663,NTUC FAIRPRICE CO-OPERATIVE LTD,NTUC FAIRPRICE
W02086C000,"50 HAVELOCK ROAD, #01-755, S(160050)",664,NTUC FAIRPRICE CO-OPERATIVE LTD,NTUC FAIRPRICE
W02088A000,"68 ORCHARD ROAD, #B2-15/16 PLAZA SINGAPURA, S(238839)",665,COLD STORAGE SINGAPORE (1983) PTE LTD,COLD STORAGE
W02092J000,"5 TANJONG PAGAR PLAZA, #01-01, S(081005)",666,NTUC FAIRPRICE CO-OPERATIVE LTD,NTUC FAIRPRICE
W02096A000,"81 CLEMENCEAU AVENUE, #02-18, S(239917)",667,COLD STORAGE SINGAPORE (1983) PTE LTD,COLD STORAGE
W02100V000,"109 BUKIT PURMEI ROAD, #01-155, S(090109)",668,NG CHAI SENG,-
W02140C000,"200 TURF CLUB ROAD THE GRANDSTAND, S(287994)",669,HAO MART PTE. LTD.,HAO MART
W02239E000,"131 KILLINEY ROAD, #01-01,02 ORCHARD GRAND COURT, S(239571)",670,NTUC FAIRPRICE CO-OPERATIVE LTD,NTUC FAIRPRICE
W02332N000,"52 CHIN SWEE ROAD, #01-25, S(160052)",671,SHENG SIONG SUPERMARKET PTE LTD,SHENG SIONG
W02430L000,"501 BUKIT TIMAH ROAD, #01-05B (PART OF) CLUNY COURT, S(259760)",672,THE FISHWIVES PTE. LTD.,THE FISHWIVES
W03142N000,"147 SYED ALWI ROAD, S(207706)",673,MUSTAFA HOLDINGS PTE LTD,Mustafa Singapore
W03223N000,"780 YISHUN RING ROAD, #01-3546, S(760780)",674,KAI SOON SUPERMARKET PTE. LTD.,KAI SOON SUPERMARKET
W70029L000,"170 STIRLING ROAD, #01-1147, S(140170)",675,NTUC FAIRPRICE CO-OPERATIVE LTD,NTUC FAIRPRICE
W72014K000,"86 REDHILL CLOSE, #01-610, S(150086)",676,COLD STORAGE SINGAPORE (1983) PTE LTD,GIANT
W74072X000,"8 TELOK BLANGAH CRESCENT, #01-171, S(090008)",677,COLD STORAGE SINGAPORE (1983) PTE LTD,GIANT
W89166E000,"176 ORCHARD ROAD, #B1-09/11 CENTREPOINT SHOPPING COMPLEX, S(238843)",678,COLD STORAGE SINGAPORE (1983) PTE LTD,COLD STORAGE
W90084A000,"133 NEW BRIDGE ROAD, #B1-01 CHINATOWN POINT, S(059413)",679,NTUC FAIRPRICE CO-OPERATIVE LTD,NTUC FAIRPRICE
